pregunta_fila,Question,Expected Answer,fallos_buscador,fallos_chat,fallos_total,buscador_correctitud_1,buscador_correctitud_2,buscador_correctitud_3,chat_correctitud_1,chat_correctitud_2,chat_correctitud_3,buscador_respuesta_1,buscador_respuesta_2,buscador_respuesta_3,chat_respuesta_1,chat_respuesta_2,chat_respuesta_3,buscador_correctitud_reason_1,buscador_correctitud_reason_2,buscador_correctitud_reason_3,chat_correctitud_reason_1,chat_correctitud_reason_2,chat_correctitud_reason_3
22,¿Qué normativas destacadas se pueden consultar en esta página?,La Resolución Nº 366/2006 y las Normas de ética profesional de la abogacía.,3,3,6,1,1,1,1,1,1,"En la página de **Mediación** se pueden consultar estas normativas destacadas:

- **Ley N° 5450**
- **Ley P Nº 3987**
- **Acordada Nº 7/2021**
- **Decreto Provincial P Nº 1398/2007**

Fuente: [Mediación](https://[dominio_9]/acceso-a-justicia/mediacion/)","En la página de **Mediación** se pueden consultar estas normativas destacadas:

- **Ley N° 5450**
- **Ley P Nº 3987**
- **Acordada Nº 7/2021**
- **Decreto Provincial P Nº 1398/2007**

Fuente: [Mediación](https://[dominio_9]/acceso-a-justicia/mediacion/)","En la página se pueden consultar como normativas destacadas la **Ley N° 5450**, la **Ley P Nº 3987**, la **Acordada Nº 7/2021** y el **Decreto Provincial P Nº 1398/2007**. Fuente: [Mediación](https://[dominio_9]/acceso-a-justicia/mediacion/)","En la página de **Mediación** se pueden consultar como normativas destacadas:

- **Ley N° 5450**
- **Ley P N° 3987**
- **Acordada N° 7/2021**
- **Decreto Provincial P N° 1398/2007**

Fuente: [Mediación](https://[dominio_9]/acceso-a-justicia/mediacion/)","Según los datos disponibles en la página de **Mediación**, las normativas destacadas que se pueden consultar son:

- **Ley N° 5450**
- **Ley P Nº 3987**
- **Acordada Nº 7/2021**
- **Decreto Provincial P Nº 1398/2007**

Fuente: [Mediación](https://[dominio_9]/acceso-a-justicia/mediacion/)","Según los datos disponibles, en las páginas consultadas del sitio aparecen como normativas destacadas las siguientes:

- **Mediación:** Ley N° 5450, Ley P N° 3987, Acordada N° 7/2021 y Decreto Provincial P N° 1398/2007.  
Fuente: [Mediación](https://[dominio_9]/acceso-a-justicia/mediacion/)

- **Atención a las personas:** Resolución 584/2009 y Resolución 585/2009.  
Fuente: [Oficina de atención a las personas](https://[dominio_9]/acceso-a-justicia/atencion-personas/)

- **Adopción:** Acordada N° 19/2024, Acordada N° 18/2024, Acordada 7/2023, Ley 3268, Ley 4109 y Ley 25854.  
Fuente: [Adopción](https://[dominio_9]/acceso-a-justicia/adopcion/)

Si quiere, le puedo detallar las normativas de una sección en particular.","Menciona normas de Mediación, no la Resolución 366/2006 ni ética profesional.",Da normativas equivocadas; no coincide con la respuesta esperada.,"Contenido incorrecto: cita Mediación, no Resolución 366/2006 ni normas de ética.","Menciona normas de Mediación, no las esperadas.",No incluye Resolución 366/2006 ni normas de ética profesional.,"Amplía con otras secciones, pero omite totalmente la respuesta esperada."
56,¿Qué años están cubiertos por el listado de boletines mostrado?,Desde 2014 hasta 2025.,3,3,6,3,3,3,3,3,3,"El listado de boletines mostrado cubre los años **2013/2014** y luego de forma continua **2015, 2016, 2017, 2018, 2019, 2020, 2021, 2022, 2023, 2024 y 2025**. Fuente: [FALLOS](https://[dominio_9]/fallos/)

En el material recuperado también aparece el boletín conjunto **N° 1 – 2013/2014**, por lo que el tramo inicial visible arranca en ese período. Fuente: [FALLOS](https://[dominio_9]/fallos/)","El listado de boletines mostrado abarca desde **2013/2014** hasta **2025**, con años intermedios visibles para **2014, 2015, 2016, 2017, 2018, 2019, 2020, 2021, 2022, 2023, 2024 y 2025**. Fuente: [FALLOS](https://[dominio_9]/fallos/)","El listado mostrado cubre boletines desde **2013/2014** hasta **2025**, incluyendo los años intermedios **2014, 2015, 2016, 2017, 2018, 2019, 2020, 2021, 2022, 2023 y 2024**. Fuente: [FALLOS](https://[dominio_9]/fallos/)","Según los datos recuperados, el listado de boletines mostrado cubre **desde 2013/2014 hasta 2025**. En los fragmentos aparecen boletines para **2025, 2024, 2023, 2022, 2021, 2020, 2019, 2018, 2017, 2016, 2015 y 2014**, además de un boletín conjunto **2013/2014**.  
Fuente: [FALLOS](https://[dominio_9]/fallos/)","Según el listado mostrado, los boletines cubren desde **2013/2014** hasta **2025**, incluyendo los años intermedios **2014, 2015, 2016, 2017, 2018, 2019, 2020, 2021, 2022, 2023 y 2024**. Fuente: [FALLOS](https://[dominio_9]/fallos/)","Según los datos disponibles, el listado de boletines mostrado abarca **desde 2013/2014 hasta 2025**. En la secuencia visible aparecen los años **2013/2014, 2014, 2015, 2016, 2017, 2018, 2019, 2020, 2021, 2022, 2023, 2024 y 2025**.  
Fuente: [FALLOS](https://[dominio_9]/fallos/) Fuente: [FALLOS](https://[dominio_9]/fallos/)","Acierta hasta 2025, pero agrega 2013/2014 en vez de empezar en 2014.","Menciona 2025 correctamente, pero el inicio 2013/2014 contradice la respuesta esperada.",Se equivoca al incluir 2013/2014; la cobertura esperada inicia en 2014.,"Correcto hasta 2025, pero agrega 2013/2014 como inicio no esperado.","El final coincide, pero el inicio 2013/2014 no coincide con 2014.",Incluye 2013/2014 además de 2014-2025; el inicio esperado es 2014.
107,¿Cómo se contacta la Dirección General de Comunicación Judicial?,Por [email_16] o al [telefono_1] interno [interno_6].,3,3,6,2,2,2,2,2,2,"La **Dirección General de Comunicación Judicial** se contacta por **[email_8]**. También figura su sede en **[domicilio_6], Viedma**, con teléfono **[telefono_1] interno [interno_6]**. El director es **Lic. [persona_5]**, celular **[telefono_6]**, correo **[email_6]**. Fuente: [Guía de teléfonos, mails y direcciones de organismos judiciales](https://[dominio_9]/wp-content/uploads/2026/04/GUIA-JUDICIAL-MES-de-ABRIL-2026.pdf)","La Dirección General de Comunicación Judicial se contacta por correo a **[email_9]**. También figura su sede en **[domicilio_6], Viedma**, con teléfono **[telefono_1] interno [interno_6]** y el contacto del director **Lic. [persona_5]**, celular **[telefono_7]**, correo **[email_6]**.  
Fuente: [Guía de teléfonos, mails y direcciones de organismos judiciales](https://[dominio_9]/wp-content/uploads/2026/04/GUIA-JUDICIAL-MES-de-ABRIL-2026.pdf)","La **Dirección General de Comunicación Judicial** se contacta por correo a **[email_8]** y también por teléfono al **[telefono_1] interno [interno_6]**. Su sede figura en **[domicilio_6], Viedma**. Fuente: [Guía de teléfonos, mails y direcciones de organismos judiciales](https://[dominio_9]/wp-content/uploads/2026/04/GUIA-JUDICIAL-MES-de-ABRIL-2026.pdf)","La **Dirección General de Comunicación Judicial** se contacta por estas vías: **correo** [[email_9]](mailto:[email_9]), **teléfono** [telefono_10] interno [interno_6], y en **[domicilio_6], Viedma**. Su director es el **Lic. [persona_5]**, celular **[telefono_6]**, correo [[email_6]](mailto:[email_6]).  
Fuente: [Guía de teléfonos, mails y direcciones de organismos judiciales](https://[dominio_9]/wp-content/uploads/2026/04/GUIA-JUDICIAL-MES-de-ABRIL-2026.pdf)","La **Dirección General de Comunicación Judicial** se contacta a través del correo **[email_8]**. Su sede está en **[domicilio_6], Viedma**, y el teléfono es **[telefono_1] interno [interno_6]**. La persona a cargo figura como **Lic. [persona_5]**, con celular **[telefono_7]** y correo **[email_6]**.  
Fuente: [Guía de teléfonos, mails y direcciones de organismos judiciales](https://[dominio_9]/wp-content/uploads/2026/04/GUIA-JUDICIAL-MES-de-ABRIL-2026.pdf)

Si quiere, también puedo ayudarle a ubicar otras áreas del Poder Judicial de Río Negro.","La **Dirección General de Comunicación Judicial** se contacta por:

- **Correo:** [[email_9]](mailto:[email_9])
- **Dirección:** [domicilio_6], Viedma
- **Teléfono:** [telefono_10], interno [interno_6]
- **Director:** Lic. [persona_5]
- **Celular:** [telefono_6]
- **Correo personal:** [[email_6]](mailto:[email_6])

Fuente: [Guía de teléfonos, mails y direcciones de organismos judiciales](https://[dominio_9]/wp-content/uploads/2026/04/GUIA-JUDICIAL-MES-de-ABRIL-2026.pdf)","Incluye teléfono correcto, pero el correo no coincide con el esperado.","Incluye teléfono correcto, pero el correo no coincide con el esperado.","Incluye teléfono correcto, pero el correo no coincide con el esperado.","Incluye teléfono correcto, pero el correo no coincide con el esperado.","Incluye teléfono correcto, pero el correo no coincide con el esperado.","Incluye teléfono correcto, pero el correo no coincide con el esperado."
123,¿Qué función cumple el Consejo de la Magistratura de Río Negro?,"Elegir a magistrados/as y funcionarios/as judiciales y difundir convocatorias, requisitos e información actualizada de cada proceso.",3,3,6,3,3,3,3,3,3,"El Consejo de la Magistratura de Río Negro cumple la función de **seleccionar y designar magistrados/as y funcionarios/as judiciales**. Además, **recibe denuncias sobre su desempeño, instruye los sumarios correspondientes, aplica sanciones y puede disponer la destitución e inhabilitación para ejercer cargos públicos, según el procedimiento constitucional y legal aplicable**. Fuente: [Consejo de la Magistratura](https://[dominio_9]/institucional/consejo-de-la-magistratura/)","El Consejo de la Magistratura de Río Negro tiene como función principal **seleccionar y designar magistrados/as y funcionarios/as judiciales**. Además, **recibe denuncias sobre su desempeño, instruye los sumarios correspondientes, aplica sanciones definitivas y puede disponer la destitución e inhabilitación**, conforme al procedimiento previsto por la Constitución Provincial y la ley reglamentaria. Fuente: [Consejo de la Magistratura](https://[dominio_9]/institucional/consejo-de-la-magistratura/)","El Consejo de la Magistratura de Río Negro tiene como función principal **seleccionar a los magistrados y funcionarios judiciales**, además de **recibir denuncias sobre su desempeño, instruir sumarios, aplicar sanciones y, en los casos previstos, disponer la destitución e inhabilitación para ejercer cargos públicos**. Según la información institucional, su actuación está prevista en los artículos 220, 221 y 222 de la Constitución Provincial y su organización se rige por la Ley K N° 2434. Fuente: [Consejo de la Magistratura](https://[dominio_9]/institucional/consejo-de-la-magistratura/)","El **Consejo de la Magistratura de Río Negro** tiene como función principal **seleccionar y designar magistrados/as y funcionarios/as judiciales** mediante concursos. Además, **recibe denuncias sobre su desempeño**, **instruye los sumarios correspondientes** y puede intervenir en la **aplicación de sanciones** y, en los casos previstos por la Constitución y la ley, en la **destitución** e incluso la **inhabilidad para ejercer cargos públicos**.  
Fuente: [Consejo de la Magistratura](https://[dominio_9]/institucional/consejo-de-la-magistratura/)","El **Consejo de la Magistratura de Río Negro** cumple la función de **seleccionar y designar magistrados/as y funcionarios/as judiciales** mediante concursos, además de **recibir denuncias sobre su desempeño e instruir los sumarios correspondientes**. También puede **aplicar sanciones**, y en los casos previstos, **declarar la destitución e inhabilidad para ejercer cargos públicos**.  
Fuente: [Consejo de la Magistratura](https://[dominio_9]/institucional/consejo-de-la-magistratura/)  

Si querés, también puedo pasarte la información sobre **cómo se integra**, **cómo funcionan los concursos** o **dónde consultar las convocatorias vigentes**.","El **Consejo de la Magistratura de Río Negro** tiene como función principal **seleccionar y designar magistrados/as y funcionarios/as judiciales**. Además, **recibe denuncias sobre su desempeño, instruye los sumarios correspondientes y puede aplicar sanciones o disponer la destitución e inhabilidad**, según lo previsto en la Constitución Provincial.  

Fuente: [Consejo de la Magistratura](https://[dominio_9]/institucional/consejo-de-la-magistratura/)

Si quiere, también puedo pasarle la información sobre **cómo está integrado** o sobre los **concursos vigentes** del Consejo.","Incluye seleccionar magistrados, pero omite difundir convocatorias, requisitos e información actualizada.","Acierta en selección y designación, pero falta difusión de convocatorias y requisitos.","Menciona selección de magistrados, omite difusión de procesos y requisitos.","Correcta sobre selección, pero no incluye difusión de convocatorias e información actualizada.","Contiene la función de selección, pero falta difusión de requisitos y convocatorias.","Parcialmente correcta: selección sí, difusión de procesos vigentes no."
135,¿Ante qué resoluciones actúa en grado de apelación?,Respecto de resoluciones de las Juntas Electorales Municipales y de resoluciones electorales de organismos internos de personas de derecho público estatales y no estatales.,3,3,6,3,3,3,3,3,3,"Actúa en grado de apelación respecto de las **resoluciones de naturaleza electoral** dictadas por **organismos internos de personas de derecho público estatales y no estatales**. También interviene en apelación en los **procesos eleccionarios de gremios/sindicatos, mutuales, cooperativas y cualquier otro organismo que elija sus autoridades en la Provincia de Río Negro**.  
Fuente: [Juzgado Electoral](https://[dominio_9]/institucional/juzgado-electoral/)","Actúa en grado de apelación respecto de las **resoluciones de naturaleza electoral** dictadas por los organismos internos de las personas de derecho público, sean estatales o no estatales. También interviene en apelación en los procesos eleccionarios de **gremios/sindicatos, mutuales, cooperativas y cualquier otro organismo que elija sus autoridades en Río Negro**.  
Fuente: [Juzgado Electoral](https://[dominio_9]/institucional/juzgado-electoral/)","Actúa en grado de apelación respecto de **resoluciones de naturaleza electoral** dictadas por los organismos internos de personas de derecho público, tanto estatales como no estatales. También interviene en apelación en los procesos eleccionarios de gremios, sindicatos, mutuales, cooperativas y otros organismos que elijan autoridades en Río Negro. Fuente: [Juzgado Electoral](https://[dominio_9]/institucional/juzgado-electoral/)","Si se refiere al **Juzgado Electoral**, actúa en grado de apelación respecto de las **resoluciones de naturaleza electoral** dictadas por organismos internos de personas de derecho público, tanto estatales como no estatales. También interviene en **apelación** en los procesos eleccionarios de **gremios/sindicatos, mutuales, cooperativas y cualquier otro organismo que elija sus autoridades en la Provincia de Río Negro**.  
Fuente: [Juzgado Electoral](https://[dominio_9]/institucional/juzgado-electoral/)","Según los datos disponibles, el **Juzgado Electoral** actúa en grado de apelación respecto de **resoluciones de naturaleza electoral** dictadas por los **organismos internos de personas de derecho público estatales y no estatales**. Además, interviene en **instancia de apelación** en los procesos eleccionarios de **gremios/sindicatos, mutuales, cooperativas y cualquier otro organismo que elija autoridades en Río Negro**.  
Fuente: [Juzgado Electoral](https://[dominio_9]/institucional/juzgado-electoral/)","Actúa en grado de apelación respecto de **resoluciones de naturaleza electoral** dictadas por **organismos internos de personas de derecho público, estatales y no estatales**. Además, interviene en apelación en los procesos eleccionarios de **gremios, sindicatos, mutuales, cooperativas y cualquier otro organismo que elija autoridades en Río Negro**.  
Fuente: [Juzgado Electoral](https://[dominio_9]/institucional/juzgado-electoral/)","Incluye organismos internos, pero omite Juntas Electorales Municipales y agrega información no esperada.",Parcialmente correcta: falta Juntas Electorales Municipales y añade procesos no mencionados.,"Menciona organismos internos, pero omite Juntas Electorales Municipales y suma datos extra.","Correcta en organismos internos, pero omite Juntas Electorales Municipales y agrega información adicional.","Parcial: incluye organismos internos, omite Juntas Electorales Municipales y añade procesos eleccionarios.",Falta la referencia a Juntas Electorales Municipales; lo demás es parcialmente correcto.
45,¿Hasta qué año llegan las memorias anuales publicadas en el listado?,Hasta 2006.,3,2,5,2,1,1,5,1,1,"Las memorias anuales publicadas en el listado llegan hasta el **Informe Anual 2024**. En la sección también figuran memorias anteriores, al menos desde 2013 y, en otra parte del mismo listado, desde 2006. Fuente: [TRANSPARENCIA](https://[dominio_9]/transparencia/)","Las memorias anuales publicadas en el listado llegan hasta **el Informe Anual 2024**. En el apartado consultado figuran los informes desde 2024 hacia atrás, con enlaces para cada año. Fuente: [TRANSPARENCIA](https://[dominio_9]/transparencia/)",Las memorias anuales publicadas en el listado llegan hasta **2024**. En la sección se ve el **Informe Anual 2024** como el más reciente disponible. Fuente: [TRANSPARENCIA](https://[dominio_9]/transparencia/),"Según el listado disponible en Transparencia, las **memorias anuales llegan hasta el año 2006**. El informe más reciente publicado es el **Informe Anual 2024**.  
Fuente: [TRANSPARENCIA](https://[dominio_9]/transparencia/)","Las memorias anuales publicadas en el listado llegan, como más reciente, hasta el **Informe Anual 2024**. En el material recuperado también aparecen años anteriores, desde 2023 hacia atrás.  
Fuente: [TRANSPARENCIA](https://[dominio_9]/transparencia/)","Según el listado disponible en la sección de **Memorias anuales**, la última memoria publicada llega hasta **2024**. También figuran informes anteriores, desde **2023** hacia atrás.  
Fuente: [TRANSPARENCIA](https://[dominio_9]/transparencia/)",Confunde año más reciente con alcance; menciona 2006 pero responde 2024.,Contradice la respuesta esperada; dice 2024 en vez de 2006.,Contradice la respuesta esperada; indica 2024.,Incluye correctamente que llegan hasta 2006.,Confunde el año más reciente con el alcance; responde 2024.,Contradice la respuesta esperada; indica 2024.
62,¿Cuál es la fecha de última actualización indicada?,Jueves 16 de abril de 2026.,3,2,5,1,3,3,5,3,3,"La fecha de última actualización indicada es **martes 14 de abril, 2026**.  
Fuente: [Casas de Justicia](https://[dominio_9]/acceso-a-justicia/casas-justicia/)","En la información recuperada aparecen estas fechas de **última actualización**:

- **martes 14 de abril de 2026**. Fuente: [Casas de Justicia](https://[dominio_9]/acceso-a-justicia/casas-justicia/)  
- **jueves 16 de abril de 2026**. Fuente: [FALLOS](https://[dominio_9]/fallos/)","La fecha de última actualización indicada varía según la sección consultada: en varias páginas figura **martes 14 de abril de 2026**, y en la sección de **Fallos** figura **jueves 16 de abril de 2026**. Fuente: [Casas de Justicia](https://[dominio_9]/acceso-a-justicia/casas-justicia/) Fuente: [FALLOS](https://[dominio_9]/fallos/)","Según los datos disponibles, la **última actualización indicada** en la página consultada de **Fallos** es **jueves 16 de abril de 2026**. En otras secciones del sitio también aparece la fecha **martes 14 de abril de 2026**, así que la actualización puede variar según la página específica.  
Fuente: [FALLOS](https://[dominio_9]/fallos/)  
Fuente: [Casas de Justicia](https://[dominio_9]/acceso-a-justicia/casas-justicia/)","Según los datos recuperados, la fecha de **última actualización** que aparece en varias secciones es **martes 14 de abril de 2026**. En la sección de **Fallos**, además, figura **jueves 16 de abril de 2026**. Si querés, te puedo indicar la fecha exacta de la página o sección que estés mirando.  
Fuente: [Casas de Justicia](https://[dominio_9]/acceso-a-justicia/casas-justicia/) Fuente: [FALLOS](https://[dominio_9]/fallos/)","Según los datos recuperados, la fecha de última actualización indicada **no es única**: en varias secciones figura **“martes 14 de abril, 2026”**, y en otra aparece **“jueves 16 de abril, 2026”**. Si querés, te indico la fecha exacta de una página en particular. Fuente: [Casas de Justicia](https://[dominio_9]/acceso-a-justicia/casas-justicia/) Fuente: [FALLOS](https://[dominio_9]/fallos/)","Indica 14 de abril, contradice la fecha esperada 16 de abril.","Incluye la fecha esperada, pero agrega otra y no resuelve cuál corresponde.","Menciona 16 de abril, pero la vuelve ambigua al presentar múltiples fechas.",Identifica claramente jueves 16 de abril de 2026 como actualización relevante.,"Contiene 16 de abril, pero prioriza 14 y deja la respuesta ambigua.","Menciona la fecha esperada, pero dice que no es única."
21,¿Cuál es la fecha de última actualización informada?,Martes 14 de abril de 2026.,1,3,4,5,1,5,2,2,2,La fecha de última actualización informada es **martes 14 de abril de 2026**. Fuente: [Casas de Justicia](https://[dominio_9]/acceso-a-justicia/casas-justicia/),La fecha de última actualización más reciente informada en los contenidos recuperados es **jueves 16 de abril de 2026**. Fuente: [FALLOS](https://[dominio_9]/fallos/),La fecha de última actualización informada es **martes 14 de abril de 2026**. Fuente: [Casas de Justicia](https://[dominio_9]/acceso-a-justicia/casas-justicia/),"Según los datos recuperados, la fecha de última actualización informada más reciente es **jueves 16 de abril de 2026**. En otras secciones consultadas también aparece **martes 14 de abril de 2026** como fecha de actualización.

Fuente: [FALLOS](https://[dominio_9]/fallos/)  
Fuente: [Casas de Justicia](https://[dominio_9]/acceso-a-justicia/casas-justicia/)","Según los datos disponibles, se informan dos fechas de “última actualización” en las páginas recuperadas:

- **martes 14 de abril de 2026**, en varias secciones del sitio institucional. Fuente: [Casas de Justicia](https://[dominio_9]/acceso-a-justicia/casas-justicia/)  
- **jueves 16 de abril de 2026**, en la sección de fallos. Fuente: [FALLOS](https://[dominio_9]/fallos/)

Si querés, te puedo precisar la fecha de última actualización de una sección en particular.","Según los datos disponibles, aparecen dos fechas de “última actualización” informadas en distintas secciones del sitio:

- **martes 14 de abril de 2026** en varias páginas consultadas, como **Casas de Justicia**, **Legalización de documentos**, **Juzgado Electoral** e **Informatización**.  
  Fuente: [Casas de Justicia](https://[dominio_9]/acceso-a-justicia/casas-justicia/) Fuente: [Legalización de documentos](https://[dominio_9]/legalizacion-de-documentos/)

- **jueves 16 de abril de 2026** en la sección **Fallos**.  
  Fuente: [FALLOS](https://[dominio_9]/fallos/)

Si desea, puedo indicarle la última actualización de una página o sección en particular.",Coincide exactamente con la fecha esperada.,Da una fecha distinta y contradictoria con la esperada.,Coincide exactamente con la fecha esperada.,"Incluye la fecha esperada, pero afirma otra como más reciente.","Menciona la fecha esperada, pero no da la respuesta única esperada.","Incluye la fecha esperada, pero introduce otra y deja ambigüedad."
61,"Si quiero buscar un fallo del STJ, ¿qué sección debería usar?",La sección “Fallos del Superior Tribunal de Justicia”.,3,1,4,3,3,3,5,3,5,"Para buscar un fallo del STJ, debe usar la sección de **Fallos**: [Fallos](https://[dominio_9]/fallos/).","Para buscar un fallo del STJ, debe usar la sección de **Fallos**: [Fallos](https://[dominio_9]/fallos/)","Para buscar un fallo del STJ, corresponde usar la sección de **Fallos**: [https://[dominio_9]/fallos/](https://[dominio_9]/fallos/)","Para buscar un fallo del STJ, tenés que usar la sección **“FALLOS”** del sitio institucional. Dentro de ese apartado aparece el acceso a **“Fallos del Superior Tribunal de Justicia”**, donde se consultan las sentencias completas mediante un buscador. Fuente: [FALLOS](https://[dominio_9]/fallos/)

Si querés, también puedo indicarte el enlace directo al buscador de sentencias del STJ.","Para buscar un **fallo del STJ**, debe usar la sección de **Fallos**: [Fallos](https://[dominio_9]/fallos/).

Si quiere, también puedo orientarlo sobre cómo buscar por **tribunal, fecha o tema**.","Para buscar un fallo del **STJ**, tenés que ingresar a la sección **“Fallos”** del sitio institucional. Dentro de esa sección está el apartado **“Fallos del Superior Tribunal de Justicia”**, donde se accede a las sentencias completas y al buscador de fallos.  
Fuente: [FALLOS](https://[dominio_9]/fallos/)","Menciona la sección general Fallos, no el apartado específico esperado.",Se queda en Fallos; falta nombrar Fallos del Superior Tribunal de Justicia.,"Indica Fallos, pero omite la sección específica esperada.",Incluye el apartado exacto Fallos del Superior Tribunal de Justicia.,Solo menciona Fallos; falta el apartado específico esperado.,Menciona expresamente Fallos del Superior Tribunal de Justicia.
173,¿Qué garantías aportan la oralidad y videograbación de las audiencias penales?,"Transparencia, publicidad de los actos y mayor celeridad.",1,3,4,0,2,0,3,2,3,"No se encontró información suficiente con los datos recuperados. Para obtener resultados más precisos, vuelva a consultar usando términos concretos o específicos.","Según los datos recuperados, la **oralidad** garantiza que las declaraciones, testimonios, juicios y vistas se celebren con presencia del Juez o Tribunal, lo que refuerza la inmediación y el control directo del acto procesal. Además, el uso de lenguaje comprensible en vistas y comparecencias protege el derecho de las personas a entender lo que ocurre en audiencia. Fuente: [Oficina de atención a las personas](https://[dominio_9]/acceso-a-justicia/atencion-personas/)

La **videograbación y los medios tecnológicos** aportan trazabilidad y respaldo del acto, en tanto los medios telemáticos —como videoconferencia— tienen reconocimiento dentro de la relación con la Justicia, y los documentos o actuaciones electrónicas tienen plena validez y eficacia si queda acreditada su integridad y autenticidad. Fuente: [Oficina de atención a las personas](https://[dominio_9]/acceso-a-justicia/atencion-personas/) [SERVICIOS](https://[dominio_9]/servicios/)","No se encontró información suficiente con los datos recuperados. Para obtener resultados más precisos, vuelva a consultar usando términos concretos o específicos.","Según los datos disponibles, la **videograbación** y el uso de medios telemáticos en las audiencias aportan principalmente **trazabilidad, conservación de lo actuado y respaldo de validez**, ya que los documentos y actuaciones electrónicas tienen plena eficacia cuando se acredita su **integridad y autenticidad**. Esto suma transparencia y facilita el control posterior de lo ocurrido en la audiencia.  
**Fuente:** [Oficina de atención a las personas](https://[dominio_9]/acceso-a-justicia/atencion-personas/)  
**Fuente:** [Informatización](https://[dominio_9]/servicios/informatizacion/)

Además, el marco institucional destaca que las **vistas, declaraciones y comparecencias** deben realizarse con **presencia de juez o tribunal** y con un lenguaje **comprensible** para las personas no expertas en derecho. En conjunto, esas garantías refuerzan la **inmediación, el control del acto y la posibilidad de entender lo que sucede en audiencia**.  
**Fuente:** [Oficina de atención a las personas](https://[dominio_9]/acceso-a-justicia/atencion-personas/)

Si querés, también puedo buscar información más específica sobre **audiencias penales, juicio por jurado o videograbación en el fuero penal**.","Según los datos disponibles, la **oralidad** en las audiencias penales se vincula con garantías como la **presencia de Juez o Tribunal** en declaraciones, testimonios, juicios y vistas, el uso de un **lenguaje comprensible** para las personas no especializadas, y una atención que preserve la **dignidad, intimidad y protección** de víctimas y menores. También se reconoce el derecho a una comparecencia lo menos gravosa posible y, en casos de menores, a que las actuaciones se realicen de modo acorde a su situación y desarrollo.  
Fuente: [Oficina de atención a las personas](https://[dominio_9]/acceso-a-justicia/atencion-personas/)

En cuanto a la **videograbación**, con la información recuperada no encontré una mención específica a esa modalidad. Sí aparece el uso de **medios técnicos** como la **videoconferencia** y otros medios telemáticos para proteger a menores y facilitar actuaciones judiciales, pero eso no me permite afirmar cuál es la garantía concreta de la videograbación en audiencias penales.  
Fuente: [Oficina de atención a las personas](https://[dominio_9]/acceso-a-justicia/atencion-personas/) [Oficina de atención a las personas](https://[dominio_9]/acceso-a-justicia/atencion-personas/)","Según los datos disponibles, la **oralidad** aporta una garantía de **inmediación y claridad**: las declaraciones, testimonios, juicios y vistas deben celebrarse con presencia de **juez o tribunal**, y además se prevé que las actuaciones se desarrollen con un **lenguaje comprensible** para la persona no especialista en derecho. La **videograbación** y el uso de medios digitales suman una garantía de **registro y resguardo fiel de lo actuado**, ya que los documentos emitidos por medios electrónicos tienen **plena validez y eficacia** cuando se acredita su **integridad y autenticidad**. En conjunto, estas herramientas fortalecen la **transparencia, el control del acto y la conservación de lo ocurrido en audiencia**. Fuente: [Oficina de atención a las personas](https://[dominio_9]/acceso-a-justicia/atencion-personas/) Fuente: [Informatización](https://[dominio_9]/servicios/informatizacion/)",,"Menciona control y trazabilidad, pero omite publicidad y celeridad.",0,"Incluye transparencia, pero omite publicidad de actos y celeridad.","Muy incompleta; no aporta publicidad ni celeridad, duda sobre videograbación.","Menciona transparencia, pero faltan publicidad de actos y celeridad."
34,¿De qué dependencia administrativa forman parte los Juzgados de Paz?,Integran alguna de las cuatro circunscripciones judiciales y dependen de la Inspectoría de Justicia de Paz.,3,0,3,2,2,2,5,5,5,"Según la información disponible, los Juzgados de Paz forman parte del **Poder Judicial de Río Negro** y se integran al servicio de justicia bajo la organización y supervisión judicial correspondiente. En los textos recuperados se menciona además que ciertos registros son habilitados por la **Inspectoría de los Juzgados de Paz** y por el **Tribunal de Superintendencia General** de la jurisdicción. Fuente: [Juzgados de Paz](https://[dominio_9]/acceso-a-justicia/juzgados-paz/)","Según la información disponible, los Juzgados de Paz **integran el Poder Judicial de Río Negro** y su organización administrativa aparece vinculada a la **Inspectoría de los Juzgados de Paz**; además, los registros son habilitados por el **Tribunal de Superintendencia General de la jurisdicción**.  
Fuente: [Juzgados de Paz](https://[dominio_9]/acceso-a-justicia/juzgados-paz/)","Según los datos recuperados, los Juzgados de Paz integran el **Poder Judicial de Río Negro** y su funcionamiento administrativo aparece vinculado a la **Inspectoría de los Juzgados de Paz** para la habilitación de registros, y al **Tribunal de Superintendencia General de la jurisdicción** para otras cuestiones reglamentarias. No se encontró en el material consultado una fórmula única más precisa sobre una “dependencia administrativa” superior específica. Fuente: [Juzgados de Paz](https://[dominio_9]/acceso-a-justicia/juzgados-paz/)","Los **Juzgados de Paz** forman parte, administrativamente, de alguna de las **cuatro circunscripciones judiciales** y **dependen de la Inspectoría de Justicia de Paz**.  
Fuente: [Juzgados de Paz](https://[dominio_9]/acceso-a-justicia/juzgados-paz/)","Los Juzgados de Paz **dependen administrativamente de la Inspectoría de Justicia de Paz**. Además, cada uno integra alguna de las cuatro circunscripciones judiciales del Poder Judicial de Río Negro.  
Fuente: [Juzgados de Paz](https://[dominio_9]/acceso-a-justicia/juzgados-paz/)","Los Juzgados de Paz, **administrativamente, forman parte de alguna de las cuatro circunscripciones judiciales y dependen de la Inspectoría de Justicia de Paz**. Fuente: [Juzgados de Paz](https://[dominio_9]/acceso-a-justicia/juzgados-paz/)","Menciona Inspectoría, pero omite circunscripciones y no expresa la dependencia esperada claramente.","Parcialmente correcta: alude a Inspectoría, pero falta circunscripciones y agrega datos no esperados.","Incluye Inspectoría, pero omite circunscripciones y declara falta de precisión sobre la dependencia.",Coincide plenamente con la respuesta esperada sobre circunscripciones e Inspectoría.,"Transmite la misma información esencial, con leve cambio de orden.",Reproduce exactamente la información esperada sobre dependencia administrativa.
48,¿Qué tipo de información ofrecen los Informes Estadísticos?,Un resumen anual y semestral de la actividad jurisdiccional y del funcionamiento de los organismos auxiliares del Superior Tribunal de Justicia.,3,0,3,1,1,1,5,5,5,"Según los datos disponibles, los **Informes Estadísticos** reúnen **reportes anuales** del Poder Judicial y, en particular, en el área de Derechos Humanos y Género incluyen los enlaces al **Mapa de Género de la Justicia Argentina**, con series históricas desde **2011 hasta 2025**. También se informan **memorias anuales** y otros informes institucionales publicados en el portal de transparencia. Fuente: [Derechos Humanos y Género](https://[dominio_9]/institucional/derechos-humanos-y-genero/) Fuente: [Transparencia](https://[dominio_9]/transparencia/)

En concreto, la información recuperada muestra que esos informes pueden contener datos sobre la **distribución por género de los cargos del sistema de justicia**, con carga anual y fecha de corte al **31 de octubre** del año analizado, además de informes de gestión institucional. Fuente: [Derechos Humanos y Género](https://[dominio_9]/institucional/derechos-humanos-y-genero/)","Los **Informes Estadísticos** disponibles en el sitio institucional reúnen principalmente reportes anuales, entre ellos el **Mapa de Género de la Justicia Argentina**, con series históricas desde **2011**. Esos informes muestran la **distribución por género de los cargos del sistema de justicia** y se actualizan con carga anual. Fuente: [Derechos Humanos y Género](https://[dominio_9]/institucional/derechos-humanos-y-genero/)

También se incluye el apartado de **Transparencia**, donde se publican las **memorias e informes anuales** del Poder Judicial, con acceso a los documentos por año para consulta pública. Fuente: [TRANSPARENCIA](https://[dominio_9]/transparencia/)","Según los datos disponibles, los **Informes Estadísticos** reúnen principalmente **reportes anuales de gestión** y **series históricas** vinculadas a la actividad institucional. En la sección de Transparencia aparecen las **Memorias anuales** del Poder Judicial, con informes por año y períodos de gestión, disponibles para consulta pública. Fuente: [TRANSPARENCIA](https://[dominio_9]/transparencia/)  

Además, hay informes específicos sobre **género en el sistema de justicia**, como el **Mapa de Género de la Justicia Argentina**, con información anual desde 2011 y datos sobre la distribución por género de los cargos del sistema judicial. También se menciona que la Oficina Judicial Penal ofrece **estadísticas dinámicas del fuero penal**. Fuente: [Derechos Humanos y Género](https://[dominio_9]/institucional/derechos-humanos-y-genero/) [INSTITUCIONAL](https://[dominio_9]/institucional/)","Los **Informes Estadísticos** presentan un **resumen anual y semestral de la actividad jurisdiccional** y del **funcionamiento de los organismos auxiliares del Superior Tribunal de Justicia**. Según la información disponible, esos datos se publican para **análisis, consulta pública y seguimiento transparente**. Fuente: [TRANSPARENCIA](https://[dominio_9]/transparencia/)","Los **Informes Estadísticos** presentan un **resumen anual y semestral de la actividad jurisdiccional** y del **funcionamiento de los organismos auxiliares del Superior Tribunal de Justicia**. Según los datos disponibles, se publican para **análisis, consulta pública y seguimiento transparente**. Fuente: [Estadísticas](https://[dominio_plafificacion]/informes-estadisticos/)

Si quiere, también puedo ayudarle a ubicar el informe estadístico de un período o fuero específico.","Los **Informes Estadísticos** presentan un **resumen anual y semestral** de la **actividad jurisdiccional** y del **funcionamiento de los organismos auxiliares del Superior Tribunal de Justicia**. Según lo publicado, esos datos se difunden para **análisis, consulta pública y seguimiento transparente**.  
Fuente: [Estadísticas](https://[dominio_plafificacion]/informes-estadisticos/)","Describe género y transparencia, no el resumen anual y semestral esperado.","Se enfoca en mapa de género y memorias, omitiendo la descripción esperada.","Habla de gestión, género y fuero penal; no coincide con la respuesta esperada.",Transmite exactamente el resumen anual y semestral esperado.,Coincide plenamente con la información esencial de la respuesta esperada.,Reproduce la información esencial esperada con diferencias menores de redacción.
76,¿Qué servicio sirve para intentar resolver conflictos antes de un juicio?,La mediación prejudicial; es la instancia previa a un posible juicio y requiere asistencia de abogado/a.,2,1,3,3,5,3,5,5,3,"El servicio que sirve para intentar resolver conflictos antes de un juicio es la **Mediación Prejudicial**. Según los datos disponibles, permite resolver conflictos en forma pacífica mediante conversaciones con la ayuda de un/a mediador/a, y es el paso anterior a un posible juicio. Fuente: [Mediación](https://[dominio_9]/acceso-a-justicia/mediacion/)","El servicio que sirve para intentar resolver conflictos antes de llegar a un juicio es la **Mediación Prejudicial**. Consiste en reuniones con la intervención de un/a mediador/a para que las partes conversen y traten de llegar a un acuerdo voluntario; además, es el paso previo a un posible juicio y requiere asistencia letrada. Fuente: [Mediación](https://[dominio_9]/acceso-a-justicia/mediacion/)

También existen otros mecanismos de resolución pacífica, como la **Mediación Extrajudicial** para conflictos entre vecinos/as, con empresas o en temas de salud y educación. Fuente: [Mediación](https://[dominio_9]/acceso-a-justicia/mediacion/)","El servicio indicado para intentar resolver conflictos antes de llegar a un juicio es la **Mediación Prejudicial**. Se trata de un mecanismo para resolver conflictos en forma pacífica, mediante conversaciones con la ayuda de un/a mediador/a, y es el paso anterior a un posible juicio. Fuente: [Mediación](https://[dominio_9]/acceso-a-justicia/mediacion/)

También aparecen otros mecanismos vinculados, como la **Mediación Extrajudicial**, la **Conciliación Laboral** y las **Facilitaciones de conflictos públicos**, todos orientados a intentar acuerdos sin juicio. Fuente: [Mediación](https://[dominio_9]/acceso-a-justicia/mediacion/)","El servicio que sirve para intentar resolver conflictos antes de un juicio es la **Mediación Prejudicial**. Según los datos disponibles, se trata de un espacio de diálogo con intervención de un/a mediador/a para que las partes intenten llegar a un acuerdo; además, se indica que es el paso anterior a un posible juicio y que requiere la asistencia de abogado/a. Fuente: [Mediación](https://[dominio_9]/acceso-a-justicia/mediacion/)

Si querés, también puedo contarte qué otros mecanismos de mediación existen.","El servicio que se usa para intentar resolver un conflicto antes de llegar a un juicio es la **Mediación Prejudicial**. Es un espacio de diálogo con la ayuda de un/a mediador/a para que las partes intenten ponerse de acuerdo; según la información disponible, es **el paso anterior a un posible juicio** y requiere la asistencia de abogado/a.  
Fuente: [Mediación](https://[dominio_9]/acceso-a-justicia/mediacion/)

Si quiere, también puedo indicarle otros mecanismos similares, como la **mediación extrajudicial** o las **Casas de Justicia**.  
Fuente: [Casas de Justicia](https://[dominio_9]/acceso-a-justicia/casas-justicia/)","El servicio que se utiliza para intentar resolver conflictos antes de un juicio es la **mediación prejudicial**. Según la información disponible, consiste en una instancia de diálogo con la ayuda de una persona mediadora para que las partes intenten llegar a un acuerdo; además, se indica que es el paso anterior a un posible juicio.  
Fuente: [Mediación](https://[dominio_9]/acceso-a-justicia/mediacion/)

También puede encontrar información general sobre estos mecanismos dentro del área de **Acceso a Justicia**.  
Fuente: [Acceso a Justicia](https://[dominio_9]/acceso-a-justicia/)","Acierta mediación prejudicial y previa al juicio, pero omite asistencia obligatoria de abogado/a.","Incluye mediación prejudicial, instancia previa al juicio y asistencia letrada.","Correcta sobre mediación prejudicial y paso previo, pero falta asistencia de abogado/a.","Transmite toda la información esencial esperada, sin contradicciones.","Incluye mediación prejudicial, carácter previo al juicio y abogado/a.","Acertada en mediación prejudicial y paso previo, pero omite asistencia letrada."
2,¿Cómo se puede intentar resolver un conflicto sin llegar a juicio?,"A través de la mediación, un mecanismo de diálogo previo y obligatorio en muchos casos, con intervención de una persona mediadora neutral en un ámbito confidencial y voluntario para buscar acuerdos.",1,1,2,4,3,4,4,4,3,"Se puede intentar resolverlo mediante **mediación**: un/a mediador/a neutral ayuda a las partes a dialogar en un ámbito confidencial y voluntario para buscar un acuerdo, evitando llegar a juicio. En Río Negro también existen **Mediación Prejudicial**, **Mediación Extrajudicial**, **Conciliación Laboral** y **Facilitaciones de conflictos públicos**, según el tipo de problema. Fuente: [Mediación](https://[dominio_9]/acceso-a-justicia/mediacion/)

Otra alternativa son las **Casas de Justicia**, donde se brinda orientación gratuita, mediación comunitaria, negociación directa, arbitraje y derivación a organismos competentes, según corresponda al conflicto. Fuente: [Casas de Justicia](https://[dominio_9]/acceso-a-justicia/casas-justicia/)

Además, en algunos casos la **Justicia de Paz** interviene en cuestiones vecinales, de menor cuantía, contravenciones y otros trámites simples, lo que también puede ayudar a resolver conflictos sin un juicio ordinario. Fuente: [Juzgados de Paz](https://[dominio_9]/acceso-a-justicia/juzgados-paz/)","Se puede intentar resolver el conflicto mediante **mediación**: un espacio de diálogo con la intervención de una persona mediadora neutral, para que las partes conversen y busquen un acuerdo sin llegar a juicio. En Río Negro, además, hay mecanismos gratuitos como la **mediación prejudicial**, la **mediación extrajudicial**, la **conciliación laboral** y las **facilitaciones de conflictos públicos**. Fuente: [Mediación](https://[dominio_9]/acceso-a-justicia/mediacion/) Fuente: [ACCESO A JUSTICIA](https://[dominio_9]/acceso-a-justicia/)

También pueden servir las **Casas de Justicia**, que brindan orientación gratuita, facilitan la mediación comunitaria y derivan a los organismos competentes cuando hace falta. Son una vía útil para encarar el problema de forma pacífica y con acompañamiento institucional. Fuente: [Casas de Justicia](https://[dominio_9]/acceso-a-justicia/casas-justicia/)

Si el conflicto es de menor cuantía o vecinal, también puede intervenir un **Juzgado de Paz**, que en Río Negro atiende cuestiones vecinales, contravenciones, acciones de menor cuantía y algunos casos de violencia familiar, siempre dentro de sus competencias. Fuente: [Juzgados de Paz](https://[dominio_9]/acceso-a-justicia/juzgados-paz/)","Para intentar resolver un conflicto sin llegar a juicio, en Río Negro se puede recurrir a **mediación**: un/a mediador/a neutral ayuda a que las partes dialoguen en un ámbito confidencial y voluntario para buscar un acuerdo. Según los datos disponibles, también existen otros mecanismos gratuitos de acceso a justicia, como la mediación prejudicial, la mediación extrajudicial, la conciliación laboral y las facilitaciones de conflictos públicos. Fuente: [Mediación](https://[dominio_9]/acceso-a-justicia/mediacion/)","Se puede intentar resolver un conflicto **sin llegar a juicio** mediante mecanismos de diálogo y acuerdo, como la **mediación**, la **conciliación laboral**, la **negociación directa** y la **facilitación** de conflictos. En estos espacios interviene una persona neutral que ayuda a conversar, ordenar los temas y buscar una solución voluntaria entre las partes. Según los datos disponibles, la mediación puede ser **prejudicial** o **extrajudicial**, y en muchos casos es un paso previo al juicio.  
Fuente: [Mediación](https://[dominio_9]/acceso-a-justicia/mediacion/)  
Fuente: [Casas de Justicia](https://[dominio_9]/acceso-a-justicia/casas-justicia/)

Si el conflicto es vecinal, de consumo, de salud, de educación o similar, también pueden servir las **Casas de Justicia** o los **Juzgados de Paz**, que brindan orientación, derivación y, en ciertos casos, intervención en cuestiones menores, vecinales o de violencia familiar.  
Fuente: [Casas de Justicia](https://[dominio_9]/acceso-a-justicia/casas-justicia/)  
Fuente: [Juzgados de Paz](https://[dominio_9]/acceso-a-justicia/juzgados-paz/)","Sí, en Río Negro se puede intentar resolver un conflicto **sin llegar a juicio** a través de mecanismos de diálogo y acuerdo, principalmente la **mediación**. Según los datos disponibles, la mediación es un espacio confidencial y voluntario, con la intervención de una persona mediadora neutral, para que las partes puedan conversar y buscar una solución pacífica. En muchos casos puede ser un paso previo al juicio.  
Fuente: [ACCESO A JUSTICIA](https://[dominio_9]/acceso-a-justicia/) Fuente: [Mediación](https://[dominio_9]/acceso-a-justicia/mediacion/)

También existen las **Casas de Justicia**, donde se brinda orientación gratuita, mediación comunitaria, negociación directa, facilitación de conflictos y derivación a otros organismos cuando hace falta. Es una opción útil si busca ayuda para encauzar un problema sin iniciar un proceso judicial.  
Fuente: [Casas de Justicia](https://[dominio_9]/acceso-a-justicia/casas-justicia/)

Si el conflicto es laboral, hay además una **conciliación laboral** para intentar un acuerdo entre trabajador/a y empleador/a sin juicio.  
Fuente: [Mediación](https://[dominio_9]/acceso-a-justicia/mediacion/)

Si quiere, puedo ayudarle a ubicar el mecanismo más adecuado según el tipo de conflicto.","Según los datos disponibles, una forma de intentar resolver un conflicto sin llegar a juicio es acudir a mecanismos de diálogo y acuerdo, especialmente la **mediación**. En Río Negro, la mediación permite que las partes conversen con la ayuda de una persona mediadora neutral para tratar de llegar a un acuerdo, y en muchos casos puede ser un paso previo al juicio. También existen otras alternativas como la **mediación extrajudicial** para conflictos entre vecinos, con empresas, de salud o educación, y la **conciliación laboral** para conflictos entre trabajador/a y empleador/a. Fuente: [Mediación](https://[dominio_9]/acceso-a-justicia/mediacion/)

Además, las **Casas de Justicia** ofrecen orientación gratuita, mediación comunitaria, negociación directa y derivación a organismos competentes, por lo que pueden ser un buen primer lugar para buscar una solución pacífica antes de judicializar el caso. Fuente: [Casas de Justicia](https://[dominio_9]/acceso-a-justicia/casas-justicia/)","Coincide en mediación, neutralidad, confidencialidad y voluntariedad; omite obligatoriedad en muchos casos.","Identifica mediación, pero omite confidencialidad, voluntariedad y obligatoriedad previa en muchos casos.","Describe mediación con neutralidad, confidencialidad y voluntariedad; falta mencionar obligatoriedad previa frecuente.","Destaca mediación y neutralidad; sugiere paso previo, pero omite confidencialidad y obligatoriedad.","Muy cercana: mediación confidencial, voluntaria y neutral; falta obligatoriedad previa en muchos casos.","Menciona mediación y neutralidad, pero falta confidencialidad, voluntariedad y obligatoriedad previa."
92,¿Qué familias pueden postularse para la convocatoria de Gral. Roca del 6 de abril de 2026?,"Familias que residan en el Alto Valle de Río Negro y deseen acompañar a una adolescente de 13 años, priorizando su inicio en la secundaria y el respeto por sus vínculos significativos.",0,2,2,4,0,4,3,3,4,"Pueden postularse **familias que residan dentro de la zona del Alto Valle de Río Negro** y que tengan deseos de **adoptar a una adolescente de 13 años**, acompañándola en su crecimiento, con respeto por sus vínculos significativos y por el inicio de su educación secundaria. Fuente: [Adopción](https://[dominio_9]/acceso-a-justicia/adopcion/)","No se encontró información suficiente con los datos recuperados. Para obtener resultados más precisos, vuelva a consultar usando términos concretos o específicos.","Para la convocatoria de **Gral. Roca del 6 de abril de 2026**, pueden postularse **familias que residan dentro de la zona del Alto Valle de Río Negro** y que tengan deseos de adoptar a una **adolescente de 13 años**, acompañándola en su crecimiento, priorizando el inicio de su educación secundaria y el respeto por sus vínculos significativos.  
Fuente: [Adopción](https://[dominio_9]/acceso-a-justicia/adopcion/)","Para la convocatoria de **Gral. Roca del 6 de abril de 2026**, pueden postularse **familias que residan dentro de la zona del Alto Valle de Río Negro** y que tengan interés en **ahijar a una adolescente de 13 años**, acompañando su crecimiento y respetando sus vínculos significativos, con disposición para acompañar también su inicio en la escuela secundaria.  

**Fuente:** [Adopción](https://[dominio_9]/acceso-a-justicia/adopcion/)

Si quiere, también puedo buscarle el **link de inscripción** o ampliar la información de esa convocatoria.","Según los datos disponibles, pueden postularse **familias que residan dentro de la zona del Alto Valle de Río Negro** y que tengan deseo de **ahijar a una adolescente de 13 años**, acompañando su crecimiento, el inicio de la secundaria y respetando sus vínculos significativos.  

Fuente: [Adopción](https://[dominio_9]/acceso-a-justicia/adopcion/)","Para la convocatoria de **Gral. Roca del 6 de abril de 2026**, pueden postularse **familias que residan dentro de la zona del Alto Valle de Río Negro** y que tengan deseo de **adoptar a una adolescente de 13 años**, acompañando su crecimiento, **respetando sus vínculos significativos** y favoreciendo el inicio de su educación secundaria.  
**Fuente: [Adopción](https://[dominio_9]/acceso-a-justicia/adopcion/)**

Si quiere, también puedo ayudarle a ubicar el formulario de inscripción o revisar otras convocatorias vigentes.",Coincide casi totalmente; cambia acompañar por adoptar.,,Muy cercana a la esperada; usa adoptar en vez de acompañar.,"Acertada en lo central, pero usa ahijar incorrectamente.",Coincide parcialmente; ahijar altera un elemento importante.,Muy cercana a la esperada; reemplaza acompañar por adoptar.
121,¿Cómo se puede inscribir alguien como auxiliar externo y dónde consultar el listado de peritos?,La inscripción se realiza en el Registro digital de auxiliares externos y el listado de peritos se consulta en el sitio público de peritos matriculados.,1,1,2,4,3,5,5,4,3,"Para inscribirse como **auxiliar externo** debe completar la solicitud en el **Registro digital de auxiliares externos**. En la información recuperada figura que allí se hace la inscripción para peritos y otros auxiliares matriculados, con acceso directo al formulario. Fuente: [INSTITUCIONAL](https://[dominio_9]/institucional/)  

El **listado de peritos** se consulta en el **“listado de peritos”** disponible en ese mismo apartado. También aparece el acceso al registro público de peritos matriculados para su consulta. Fuente: [INSTITUCIONAL](https://[dominio_9]/institucional/)","Para inscribirse como **auxiliar externo** se debe completar la solicitud de usuario para externos. En la información disponible figura el acceso para hacerlo desde el formulario de registro de usuarios externos y, para **auxiliar matriculado (martillero/a o perito)**, se indica que hay que completar el formulario, declarar esa calidad y esperar la validación para poder gestionar expedientes y notificaciones. Fuente: [Iniciar Sesión](https://[dominio_9]/inicie-sesion/)

El **listado de peritos** se consulta en el registro digital de auxiliares externos. La sección institucional indica expresamente: “Conocé el listado de peritos” y enlaza al directorio público correspondiente. Fuente: [INSTITUCIONAL](https://[dominio_9]/institucional/)","Para inscribirse como **auxiliar externo** debe ingresar al registro digital de auxiliares externos y completar la solicitud online. El sitio institucional indica: **“Inscribite al Registro digital de auxiliares externos aquí”**.  
Fuente: [INSTITUCIONAL](https://www.[dominio_3]/web/servicios/juicios-universales.php) [INSTITUCIONAL](https://[dominio_peritos]/perito)

El **listado de peritos** se consulta en el apartado correspondiente del mismo sistema: **“Conocé el listado de peritos aquí”**.  
Fuente: [INSTITUCIONAL](https://www.[dominio_3]/web/servicios/juicios-universales.php) [INSTITUCIONAL](https://[dominio_peritos]/persona/perito/perito-matriculado)","Para inscribirse como **auxiliar externo** debe completar el **Registro digital de auxiliares externos**. En la sección institucional figura el acceso directo para iniciar la inscripción y se aclara que allí se gestiona la alta de auxiliares externos/peritos. Fuente: [INSTITUCIONAL](https://www.[dominio_3]/web/servicios/juicios-universales.php) *(la referencia útil sobre auxiliares externos está dentro de la página institucional recuperada)*

El **listado de peritos** puede consultarse en el **registro público de peritos matriculados**. Además, desde la misma sección institucional se indica el acceso tanto para inscribirse como para ver el listado. Fuente: [INSTITUCIONAL](https://[dominio_9]/institucional/)

Si querés, también podés consultar directamente:  
- Inscripción: [Registro digital de auxiliares externos](https://[dominio_peritos]/perito)  
- Listado: [Peritos matriculados](https://[dominio_peritos]/persona/perito/perito-matriculado)","Para inscribirse como **auxiliar externo**, se debe ingresar al **Registro digital de auxiliares externos** y completar el formulario de solicitud. Si la persona es **auxiliar matriculado** (por ejemplo, **perito** o martillero/a), debe indicar esa calidad y esperar la validación para poder acceder a la gestión correspondiente. Fuente: [Iniciar Sesión](https://[dominio_9]/inicie-sesion/) Fuente: [INSTITUCIONAL](https://[dominio_9]/institucional/)

El **listado de peritos** se puede consultar en el siguiente enlace: [listado de peritos](https://[dominio_peritos]/persona/perito/perito-matriculado). También puede hacer la inscripción al registro desde aquí: [Registro digital de auxiliares externos](https://[dominio_peritos]/perito).","Según los datos disponibles, si se trata de un **auxiliar externo matriculado** —por ejemplo, **perito** o **martillero/a**— debe **completar el formulario de solicitud de usuario**, indicar su calidad de perito y **esperar la validación** para acceder al registro y a la gestión correspondiente. Para iniciar la inscripción, puede hacerlo desde el Registro digital de auxiliares externos.  
Fuente: [INSTITUCIONAL](https://www.[dominio_3]/web/servicios/juicios-universales.php) Fuente: [Iniciar Sesión](https://[dominio_9]/inicie-sesion/)

El **listado de peritos** se consulta en el **Registro digital de auxiliares externos**. Allí también está el acceso para inscribirse y para ver el padrón de peritos matriculados.  
Fuente: [INSTITUCIONAL](https://www.[dominio_3]/web/servicios/juicios-universales.php)

Si quiere, también puedo pasarle el enlace directo de inscripción y el del listado en un solo mensaje.",Coincide casi totalmente; ubica el listado con leve ambigüedad.,Mezcla registro de usuario externo; listado ubicado de forma imprecisa.,Transmite la misma información esencial que la esperada.,Refleja exactamente registro digital y sitio público de peritos.,"Correcta, aunque agrega validación y usuario externo no esenciales.",Confunde inscripción con solicitud de usuario; listado queda impreciso.
16,"Si ya tengo usuario de SEON, ¿debo pedir otro para PUMA?","No, el mismo usuario de SEON sirve para PUMA.",1,0,1,5,5,2,5,5,5,"No. Si ya posee usuario de **SEON**, ese mismo le sirve para **PUMA**.  
Fuente: [Iniciar Sesión](https://[dominio_9]/inicie-sesion/)","No. Según la información disponible, si ya posee usuario de SEON, ese mismo le sirve para PUMA. Fuente: [Iniciar Sesión](https://[dominio_9]/inicie-sesion/)","Sí. Según la información disponible, si ya posee usuario de SEON, ese mismo le sirve para PUMA. No indica que deba pedir otro usuario.  
Fuente: [Iniciar Sesión](https://[dominio_9]/inicie-sesion/)","No, si ya posee usuario de **SEON**, ese mismo usuario le sirve para **PUMA**. Según la información disponible, no necesita solicitar otro.  
Fuente: [Iniciar Sesión](https://[dominio_9]/inicie-sesion/)","No, si ya tenés usuario de **SEON**, ese mismo te sirve para **PUMA**.  
Fuente: [Iniciar Sesión](https://[dominio_9]/inicie-sesion/)","No. Según la información disponible, **si ya posee usuario de SEON, ese mismo le sirve para PUMA**. Por lo tanto, no debería pedir otro usuario para acceder a ese sistema.  
Fuente: [Iniciar Sesión](https://[dominio_9]/inicie-sesion/)",Coincide plenamente: el usuario de SEON sirve también para PUMA.,Transmite la misma información esencial que la respuesta esperada.,"Empieza con Sí, pero luego aclara correctamente que no debe pedir otro.","Esencialmente igual a la respuesta esperada, con detalle adicional correcto.",Indica correctamente que el mismo usuario de SEON sirve para PUMA.,Reproduce la información esencial esperada sin contradicciones.
36,¿Qué tipo de asuntos pueden resolver los Jueces y las Juezas de Paz?,"Pueden intervenir en cuestiones de menor cuantía, vecinales, contravenciones, violencia familiar, beneficio de litigar sin gastos, acciones de consumo individuales, certificaciones, notificaciones y trámites electorales, entre otros.",1,0,1,3,4,4,5,4,4,"Los Jueces y las Juezas de Paz pueden resolver, según los datos disponibles, **cuestiones de menor cuantía, vecinales, contravenciones y faltas provinciales o comunales**. También intervienen en **acciones de menor cuantía**, **denuncias, audiencias y medidas cautelares urgentes vinculadas a violencia familiar**, y en **acciones individuales sobre derechos de usuarios y consumidores**, con los límites legales previstos. Quedan excluidos, entre otros, los **juicios de familia, laborales, desalojos, acciones posesorias y petitorias, juicios universales y otros procesos especiales**. Fuente: [Juzgados de Paz](https://[dominio_9]/acceso-a-justicia/juzgados-paz/)","Los Jueces y las Juezas de Paz pueden resolver **cuestiones de menor cuantía, vecinales, contravenciones y faltas provinciales o comunales**, dentro de los límites fijados por el Superior Tribunal de Justicia. También intervienen en **acciones individuales sobre derechos de usuarios y consumidores**, y en **denuncias, audiencias y medidas cautelares urgentes vinculadas a violencia familiar**. Fuente: [Juzgados de Paz](https://[dominio_9]/acceso-a-justicia/juzgados-paz/)

Además, pueden tramitar **certificaciones de firmas y copias**, **informaciones sumarias**, **declaraciones juradas**, y **autorizaciones de viaje a países limítrofes para personas menores de edad**. También actúan como agentes ejecutores de resoluciones de la Justicia Electoral e instrumentan, homologan y protocolizan convenios celebrados en su presencia. Fuente: [Juzgados de Paz](https://[dominio_9]/acceso-a-justicia/juzgados-paz/)

No intervienen en **juicios de familia, laborales, desalojo, acciones posesorias o petitorias**, ni en otros juicios especiales excluidos por la normativa. Fuente: [Juzgados de Paz](https://[dominio_9]/acceso-a-justicia/juzgados-paz/)","Los Jueces y las Juezas de Paz pueden resolver, según los datos disponibles, **cuestiones menores y vecinales**, **contravenciones y faltas provinciales o comunales** —cuando no existan órganos específicos—, **acciones de menor cuantía**, **denuncias, audiencias y medidas cautelares urgentes por violencia familiar**, y **acciones individuales vinculadas a derechos de usuarios y consumidores**. También intervienen en trámites como **certificación de firmas**, **declaraciones juradas**, **informaciones sumarias**, **autorizaciones de viaje a países limítrofes**, **homologación de convenios** y **cumplimiento de resoluciones electorales**. Fuente: [Juzgados de Paz](https://[dominio_9]/acceso-a-justicia/juzgados-paz/)

No obstante, su intervención tiene límites: quedan excluidos, entre otros, **juicios de familia, laborales, de desalojo, acciones posesorias y petitorias, juicios universales y otros procesos especiales**. En las cuestiones de menor cuantía, además, el valor discutido no puede superar el monto fijado anualmente por el Superior Tribunal de Justicia. Fuente: [Juzgados de Paz](https://[dominio_9]/acceso-a-justicia/juzgados-paz/)","Los Jueces y las Juezas de Paz pueden resolver, en general, **cuestiones menores y vecinales**, **contravenciones y faltas provinciales**; y, mientras no haya órganos específicos en municipios o comunas, también **contravenciones o faltas comunales**. Además, intervienen en **acciones de menor cuantía** hasta el monto que fija cada año el Superior Tribunal de Justicia. Fuente: [Juzgados de Paz](https://[dominio_9]/acceso-a-justicia/juzgados-paz/)

También pueden entender en algunos trámites y casos puntuales, como **denuncias, audiencias y medidas cautelares urgentes vinculadas a violencia familiar**, **cuestiones de usuarios y consumidores en forma individual**, **beneficio de litigar sin gastos**, **certificación de firmas y copias**, **informaciones sumarias y declaraciones juradas**, **autorizaciones de viaje de menores**, **convenios y acuerdos para homologar**, y **resoluciones electorales**. Fuente: [Juzgados de Paz](https://[dominio_9]/acceso-a-justicia/juzgados-paz/)

No tramitan, entre otros, **juicios de familia, laborales, desalojos, acciones posesorias, petitorias ni otros juicios especiales**, y su intervención en menor cuantía está limitada por el monto legal vigente. Fuente: [Juzgados de Paz](https://[dominio_9]/acceso-a-justicia/juzgados-paz/)","Según los datos disponibles, los Jueces y las Juezas de Paz pueden resolver **cuestiones menores y vecinales**, **contravenciones y faltas provinciales**; y, mientras no existan órganos específicos en municipios o comunas, también **contravenciones o faltas comunales**. Dentro de ese marco, intervienen en **acciones de menor cuantía**, **denuncias, audiencias y medidas cautelares urgentes por violencia familiar**, y en **algunas acciones individuales de usuarios/as y consumidores/as**, siempre dentro de los límites legales y del monto que fija anualmente el Superior Tribunal de Justicia. Fuente: [Juzgados de Paz](https://[dominio_9]/acceso-a-justicia/juzgados-paz/)

Además, pueden realizar trámites como **certificación de firmas y copias**, **informaciones sumarias**, **declaraciones juradas**, **homologación de convenios**, **autorizaciones de viaje a países limítrofes** y actuar como **agentes ejecutores de resoluciones de la Justicia Electoral**. En cambio, no suelen intervenir en **asuntos de familia, laborales, desalojos, acciones posesorias o petitorias**, ni en otros juicios especiales. Fuente: [Juzgados de Paz](https://[dominio_9]/acceso-a-justicia/juzgados-paz/)","Los Jueces y las Juezas de Paz pueden resolver, según los datos disponibles, **cuestiones menores o de menor cuantía**, **asuntos vecinales**, **contravenciones y faltas provinciales**; y, mientras no haya órganos específicos en municipios y comunas, también **contravenciones o faltas comunales**. Además, intervienen en **denuncias, audiencias y medidas cautelares urgentes de violencia familiar**, en **acciones individuales de consumo**, y en algunas **acciones de menor cuantía** dentro del límite económico fijado anualmente por el Superior Tribunal de Justicia. Fuente: [Juzgados de Paz](https://[dominio_9]/acceso-a-justicia/juzgados-paz/)

También pueden tramitar **certificaciones de firmas y copias**, **informaciones sumarias**, **declaraciones juradas**, **autorizaciones de viaje a países limítrofes para personas menores de 18 años**, **convenios celebrados en su presencia** y actuaciones vinculadas con **resoluciones de la Justicia Electoral**. En cambio, están excluidos de **familia, laborales, desalojos, acciones posesorias y petitorias**, entre otros juicios especiales. Fuente: [Juzgados de Paz](https://[dominio_9]/acceso-a-justicia/juzgados-paz/)","Incluye materias clave, pero omite beneficio, certificaciones y trámites electorales esperados.",Muy cercana; omite beneficio de litigar sin gastos y notificaciones.,Cubre casi todo; falta beneficio de litigar sin gastos y notificaciones.,"Transmite casi toda la información esencial esperada, incluyendo beneficio y trámites electorales.","Correcta y amplia, pero omite beneficio de litigar sin gastos y notificaciones.","Incluye materias principales, pero falta beneficio de litigar sin gastos y notificaciones."
50,¿Cómo se puede comprobar si una persona o empresa ya tiene un proceso concursal o de quiebra?,Usando el buscador de Concursos y Quiebras.,0,1,1,5,5,4,5,5,3,"Se puede comprobar consultando el buscador público de **Concursos y Quiebras** del Poder Judicial de Río Negro, que permite verificar si ya existe un proceso concursal o de quiebra iniciado respecto de una persona o empresa dentro de la jurisdicción. La herramienta sirve justamente para constatar si hay un expediente en trámite y evitar la apertura de procesos duplicados. Fuente: [Concursos y Quiebras](http://[dominio_puma]/expjud/rpju/rpju-busqueda-publica-quiebras)

También existe el registro de **Juicios universales**, donde se informa que estos procesos abarcan sucesiones, concursos y quiebras, y que se inscriben en un Registro Público para que cualquier persona pueda consultar si están iniciados. Fuente: [Juicios universales](https://www.[dominio_3]/web/servicios/juicios-universales.php)","Se puede comprobar mediante el buscador público de **Concursos y Quiebras**, donde figura que permite consultar si ya existe un proceso concursal o de quiebra iniciado respecto de una persona o empresa dentro de la jurisdicción. Esa consulta sirve para verificar si hay un expediente en trámite y evitar duplicaciones. Fuente: [Concursos y Quiebras](http://[dominio_puma]/expjud/rpju/rpju-busqueda-publica-quiebras)

Si además querés revisar procesos sucesorios vinculados a una persona, existe también el buscador público de **Sucesiones**, que permite constatar si ya hay un trámite iniciado sobre la misma persona. Fuente: [Sucesiones](https://[dominio_puma]/expjud/rpju/rpju-busqueda-publica-sucesiones)","Para comprobar si una persona o empresa ya tiene un proceso concursal o de quiebra, se puede usar el buscador público de **Concursos y Quiebras** del Poder Judicial de Río Negro. Esa consulta permite verificar si ya existe un expediente iniciado respecto de una persona o empresa dentro de la jurisdicción, y sirve para constatar si hay un trámite en curso y evitar procesos duplicados. Fuente: [TRANSPARENCIA](https://[dominio_9]/transparencia/)","Sí. Según la información disponible, puede comprobarlo a través del **buscador público de concursos y quiebras** del Poder Judicial de Río Negro. Esa herramienta permite consultar si ya existe un proceso concursal o de quiebra iniciado respecto de una persona o empresa dentro de la jurisdicción, justamente para verificar si hay un expediente en trámite y evitar duplicaciones.  

También existe el apartado de **Juicios universales**, donde se informa que estos procesos abarcan sucesiones, concursos y quiebras, y que están inscriptos en un registro público para su consulta.  

Fuente: [Concursos y Quiebras](http://[dominio_puma]/expjud/rpju/rpju-busqueda-publica-quiebras)  
Fuente: [Juicios universales](https://www.[dominio_3]/web/servicios/juicios-universales.php)","Sí. Según la información disponible, se puede comprobar mediante el **buscador de Concursos y Quiebras**, que permite consultar si ya existe un proceso concursal o de quiebra iniciado respecto de una persona o empresa dentro de la jurisdicción. La herramienta sirve justamente para verificar si hay un expediente en trámite y evitar duplicidades.

Fuente: [Concursos y Quiebras](http://[dominio_puma]/expjud/rpju/rpju-busqueda-publica-quiebras)

Si también quiere revisar otros procesos judiciales vinculados, existe el registro de **juicios universales**, donde se informa que estos procesos incluyen sucesiones, concursos y quiebras.

Fuente: [Juicios universales](https://www.[dominio_3]/web/servicios/juicios-universales.php)","Para comprobar si una persona o una empresa ya tiene un proceso concursal o de quiebra, puede consultar el **buscador público de Quiebras** del Poder Judicial de Río Negro. Ese sistema permite verificar si ya existe un expediente iniciado dentro de la jurisdicción y ayuda a evitar duplicaciones. También existe el registro de **Juicios universales**, donde se informa que allí se inscriben sucesiones, concursos y quiebras para su consulta pública.  
Fuente: [TRANSPARENCIA](https://[dominio_9]/transparencia/)  
Fuente: [INSTITUCIONAL](https://[dominio_9]/institucional/)

Si le interesa, también puedo indicarle el enlace directo de consulta pública para quiebras.",Indica el buscador de Concursos y Quiebras; agrega información extra no necesaria.,Señala el buscador de Concursos y Quiebras; lo demás es complementario.,"Da la herramienta correcta, pero cita una fuente genérica y omite detalles menores.",Indica correctamente el buscador público de Concursos y Quiebras.,Transmite la información esencial esperada sobre el buscador correspondiente.,"Menciona un buscador de quiebras, pero omite concursos y usa referencias inadecuadas."
53,¿Qué sección reúne los boletines de jurisprudencia del STJ?,"La sección “Fallos”, dentro del apartado de boletines de jurisprudencia del STJ.",0,1,1,5,5,5,5,5,1,"La sección que reúne los boletines de jurisprudencia del STJ es **“Fallos”**, dentro del apartado **“Boletines de Jurisprudencia del STJ”**. Ahí están organizados por año y con acceso a los PDF correspondientes. Fuente: [FALLOS](https://[dominio_9]/fallos/)","La sección que reúne los boletines de jurisprudencia del STJ es **“Fallos”**, dentro del apartado **“Boletines de Jurisprudencia del STJ”**. Allí aparecen organizados por año y con acceso a los PDFs correspondientes. Fuente: [FALLOS](https://[dominio_9]/fallos/)","La sección que reúne los boletines de jurisprudencia del STJ es **“Fallos”**, dentro del apartado **“Boletines de Jurisprudencia del STJ”**. Fuente: [FALLOS](https://[dominio_9]/fallos/)","La sección que reúne los boletines de jurisprudencia del STJ es **“Fallos”**, dentro del apartado **“Boletines de Jurisprudencia del STJ”**. Allí aparecen organizados por año y con sus enlaces a los PDF correspondientes. Fuente: [FALLOS](https://[dominio_9]/fallos/)","Los boletines de jurisprudencia del STJ se reúnen en la sección **“Fallos”**, dentro del apartado **“Boletines de Jurisprudencia del STJ”**. Allí están listados por año y con acceso a cada PDF.  
Fuente: [FALLOS](https://[dominio_9]/fallos/)","Los boletines de jurisprudencia del STJ están reunidos en la sección **“Boletines de Jurisprudencia del STJ”**, dentro de **“Fallos”**.  
Fuente: [FALLOS](https://[dominio_9]/fallos/)",Coincide plenamente con la respuesta esperada.,Transmite la misma información esencial esperada.,Es correcta y coincide con la respuesta esperada.,Coincide completamente con la respuesta esperada.,Reproduce la información esencial correcta.,Invierte sección y apartado respecto de la respuesta esperada.
67,¿Qué puede hacer una persona si considera incorrecto el funcionamiento de la Administración de Justicia?,"Puede presentar reclamaciones, quejas o sugerencias ante el juzgado o tribunal, órganos de gobierno judicial, Oficinas de Atención al Ciudadano o Consejo de la Magistratura, y debe recibir respuesta con celeridad, en general dentro de un mes.",1,0,1,4,3,5,5,5,5,"Una persona puede **presentar quejas, reclamos o sugerencias** por el incorrecto funcionamiento de la Administración de Justicia y también **pedir que se dé respuesta** a esos planteos. Según los datos disponibles, eso puede hacerse ante el propio juzgado o tribunal, los órganos de gobierno del Poder Judicial, las Oficinas de Atención al Ciudadano o el Consejo de la Magistratura. También puede canalizarse por vías telemáticas cuando estén disponibles. **Fuente: [Oficina de atención a las personas](https://[dominio_9]/acceso-a-justicia/atencion-personas/)**

Además, la persona tiene derecho a **exigir responsabilidades por error judicial o por funcionamiento anormal de la Administración de Justicia**, y a reclamar una indemnización si sufrió daños en sus bienes o derechos. **Fuente: [Oficina de atención a las personas](https://[dominio_9]/acceso-a-justicia/atencion-personas/)**","Una persona puede **presentar quejas, reclamos y sugerencias** por el incorrecto funcionamiento de la Administración de Justicia. También puede **pedir orientación jurídica e institucional**, recibir información sobre los caminos de acceso a la justicia y, si corresponde, **solicitar que la denuncia sea remitida al órgano competente**. Fuente: [Oficina de atención a las personas](https://[dominio_9]/acceso-a-justicia/atencion-personas/)

Además, tiene derecho a **recibir respuesta con la mayor celeridad y, en todo caso, dentro del plazo de un mes**, y puede reclamar por **error judicial o funcionamiento anormal** de la Administración de Justicia, con posibilidad de exigir indemnización por los daños causados. Fuente: [Oficina de atención a las personas](https://[dominio_9]/acceso-a-justicia/atencion-personas/)","Una persona puede **presentar reclamaciones, quejas y sugerencias** por el incorrecto funcionamiento de la Administración de Justicia. También puede **recibir respuesta con la mayor celeridad** y, en todo caso, dentro de un plazo de un mes si no hay uno menor fijado. La presentación puede hacerse **ante el propio Juzgado o Tribunal, sus órganos de gobierno, las Oficinas de Atención al Ciudadano o el Consejo de la Magistratura**. Además, si corresponde, puede **exigir responsabilidades por error judicial o funcionamiento anormal** e incluso reclamar indemnización por los daños ocasionados. Fuente: [Oficina de atención a las personas](https://[dominio_9]/acceso-a-justicia/atencion-personas/)","Si una persona considera incorrecto el funcionamiento de la Administración de Justicia, puede presentar **reclamos, quejas o sugerencias** y tiene derecho a recibir respuesta con la mayor celeridad, en principio dentro del plazo de **un mes**. Esas presentaciones pueden hacerse ante el **propio Juzgado o Tribunal**, sus órganos de gobierno, las **Oficinas de Atención a las Personas** o el **Consejo de la Magistratura** correspondiente. Además, la Oficina de Atención a las Personas recibe, procesa y da respuesta a quejas, reclamos y sugerencias, orienta sobre los caminos de acceso a la justicia y puede remitir denuncias al órgano competente.  
Fuente: [Oficina de atención a las personas](https://[dominio_9]/acceso-a-justicia/atencion-personas/)","Si una persona considera incorrecto el funcionamiento de la Administración de Justicia, puede **presentar reclamaciones, quejas o sugerencias** y pedir respuesta con la mayor celeridad, en general dentro de un plazo de **un mes**. Estas presentaciones pueden hacerse ante el **propio Juzgado o Tribunal**, los **órganos de gobierno del Poder Judicial**, las **Oficinas de Atención a las Personas** o el **Consejo de la Magistratura** de la provincia. También se indica que deben existir formularios visibles para ejercer este derecho.  
Fuente: [Oficina de atención a las personas](https://[dominio_9]/acceso-a-justicia/atencion-personas/)","Si una persona considera que hubo un **funcionamiento incorrecto de la Administración de Justicia**, puede **presentar reclamos, quejas o sugerencias** y tiene derecho a recibir una respuesta con la mayor celeridad posible, en general dentro del plazo de un mes. Esa presentación puede hacerse ante el **propio juzgado o tribunal**, los **órganos de gobierno del Poder Judicial**, las **Oficinas de Atención a las Personas** o el **Consejo de la Magistratura** de la provincia. Fuente: [Oficina de atención a las personas](https://[dominio_9]/acceso-a-justicia/atencion-personas/) Fuente: [Oficina de atención a las personas](https://[dominio_9]/acceso-a-justicia/atencion-personas/)

Además, la **Oficina de Atención a las Personas** recibe, procesa y responde quejas, reclamos y sugerencias; también brinda orientación sobre los caminos de acceso a la justicia y puede remitir denuncias al organismo competente. Si hubo un **error judicial** o un **funcionamiento anormal**, también se reconoce el derecho a **reclamar responsabilidades e indemnización**, con tramitación preferente y celeridad. Fuente: [Oficina de atención a las personas](https://[dominio_9]/acceso-a-justicia/atencion-personas/)  

Si quiere, también puedo ayudarle a ubicar la **oficina o canal de contacto** correspondiente según la localidad.",Incluye vías y organismos correctos; omite plazo general de un mes y agrega información extra.,"Menciona reclamos y plazo; falta precisar juzgado, órganos judiciales, oficinas o Consejo de la Magistratura.","Transmite reclamos posibles, organismos receptores y respuesta rápida dentro de un mes; agrega datos complementarios.","Incluye reclamos, organismos receptores y plazo de respuesta; agrega funciones de la oficina.","Coincide con la respuesta esperada en acciones, organismos y plazo; agrega detalle menor sobre formularios.","Contiene acciones, organismos y plazo correctos; añade orientación, remisión e indemnización."
68,¿Qué derecho tiene una persona sobre el estado de un proceso en el que posee interés legítimo?,"Tiene derecho a conocer su contenido y estado, acceder a documentos no reservados y recibir por escrito los motivos si se le niega información procesal.",1,0,1,5,3,5,5,5,5,"La persona tiene derecho a conocer el contenido y el estado de los procesos en los que tenga interés legítimo, conforme a lo dispuesto por las leyes procesales. Además, los interesados pueden acceder a los documentos, libros, archivos y registros judiciales que no tengan carácter reservado. Si se deniega una información de carácter procesal, las autoridades y funcionarios deben explicar por escrito los motivos. Fuente: [Oficina de atención a las personas](https://[dominio_9]/acceso-a-justicia/atencion-personas/)","El derecho es a **conocer el contenido y el estado de los procesos en los que tenga interés legítimo**, de acuerdo con lo que dispongan las leyes procesales. Además, las personas interesadas pueden acceder a los documentos, libros, archivos y registros judiciales que no tengan carácter reservado. Fuente: [Oficina de atención a las personas](https://[dominio_9]/acceso-a-justicia/atencion-personas/)","La persona tiene derecho a **conocer el contenido y el estado de los procesos en los que tenga interés legítimo**, de acuerdo con lo dispuesto en las leyes procesales. Además, los interesados pueden acceder a los documentos, libros, archivos y registros judiciales que no tengan carácter reservado, y si se les deniega esa información, las autoridades deben explicar por escrito los motivos. Fuente: [Oficina de atención a las personas](https://[dominio_9]/acceso-a-justicia/atencion-personas/)","Una persona tiene derecho a **conocer el contenido y el estado de los procesos en los que tenga interés legítimo**, de acuerdo con lo que establecen las leyes procesales. Además, puede acceder a los documentos, libros, archivos y registros judiciales que no tengan carácter reservado, y si se le deniega esa información, las autoridades deben explicarle por escrito los motivos.  
Fuente: [Oficina de atención a las personas](https://[dominio_9]/acceso-a-justicia/atencion-personas/)","Según la información disponible, la persona tiene **derecho a conocer el contenido y el estado del proceso en el que tenga un interés legítimo**, de acuerdo con lo que establezcan las leyes procesales. Además, puede acceder a los documentos, libros, archivos y registros judiciales que **no tengan carácter reservado**. Si se le deniega esa información, las autoridades y funcionarios deben explicarle por escrito los motivos.  
Fuente: [Oficina de atención a las personas](https://[dominio_9]/acceso-a-justicia/atencion-personas/)","Una persona tiene derecho a **conocer el contenido y el estado de los procesos en los que tenga interés legítimo**, de acuerdo con lo que establezcan las leyes procesales. Además, puede acceder a los documentos, libros, archivos y registros judiciales que no tengan carácter reservado. Si se le deniega esa información, las autoridades y funcionarios deben explicarle **por escrito** los motivos de la negativa.  
Fuente: [Oficina de atención a las personas](https://[dominio_9]/acceso-a-justicia/atencion-personas/)","Incluye conocer estado, acceso a documentos no reservados y motivos escritos ante negativa.","Menciona conocer estado y acceso, pero omite motivos escritos ante negativa de información.",Incluye todos los elementos esenciales de la respuesta esperada.,"Incluye todos los derechos esenciales esperados, con redacción equivalente.",Reproduce la información esencial esperada sin omisiones relevantes.,"Incluye conocer estado, acceso a documentos y motivos escritos ante negativa."
70,¿Qué protección específica se prevé para las víctimas de delitos?,"Deben ser informadas claramente, protegidas de forma inmediata y efectiva, preservar su intimidad, evitar coincidir con el agresor y recibir especial amparo en casos de violencia familiar o de género.",0,1,1,4,4,4,4,4,3,"La protección específica prevista para las víctimas de delitos incluye: ser informadas con claridad sobre su intervención en el proceso penal, las posibilidades de reparación del daño y el curso del proceso; recibir conocimiento efectivo de las resoluciones que afecten su seguridad; comparecer ante el juzgado o tribunal de modo digno y con resguardo de su intimidad; no coincidir con el agresor en dependencias judiciales; obtener protección inmediata y efectiva, especialmente en casos de violencia familiar, con uso de medios técnicos como localización de personas o teleasistencia; y quedar resguardadas frente a la publicidad no deseada sobre su vida privada. Fuente: [Oficina de atención a las personas](https://[dominio_9]/acceso-a-justicia/atencion-personas/)","La protección específica prevista para las víctimas de delitos incluye: ser informadas con claridad sobre su intervención en el proceso penal, las posibilidades de reparación del daño y el curso del proceso; recibir aviso efectivo de resoluciones que afecten su seguridad; comparecer de manera acorde a su dignidad y con resguardo de su intimidad; no coincidir con el agresor en dependencias judiciales; acceder a una protección inmediata y efectiva, especialmente en casos de violencia familiar, y contar con medios técnicos como localización o teleasistencia cuando sea necesario. También se protege su vida privada frente a publicidad no deseada en actuaciones judiciales. Fuente: [Oficina de atención a las personas](https://[dominio_9]/acceso-a-justicia/atencion-personas/)","Según la Carta de Derechos, la víctima de un delito tiene derecho a: ser informada con claridad sobre su intervención en el proceso penal, las posibilidades de reparación del daño y el curso del proceso; conocer de manera efectiva las resoluciones que afecten su seguridad; comparecer ante el Juzgado o Tribunal con resguardo de su dignidad e intimidad; no coincidir con el agresor en dependencias judiciales; recibir protección inmediata y efectiva, especialmente en casos de violencia familiar; y estar resguardada frente a la publicidad no deseada sobre su vida privada. También se prevé el uso de medios técnicos como localización de personas y teleasistencia cuando resulten necesarios. Fuente: [Oficina de atención a las personas](https://[dominio_9]/acceso-a-justicia/atencion-personas/)","Según los datos disponibles, para las víctimas de delitos se prevé una protección específica que incluye: ser informadas con claridad sobre su participación en el proceso penal, las posibilidades de reparación del daño y el avance de la causa; conocer de manera efectiva las resoluciones que puedan afectar su seguridad; comparecer ante el tribunal con dignidad y preservando su intimidad; evitar el contacto con el agresor en dependencias judiciales; recibir protección inmediata y efectiva, especialmente en casos de violencia familiar; y contar con medios técnicos como localización de personas y teleasistencia. Además, se protege su vida privada frente a la publicidad no deseada en actuaciones judiciales.  
Fuente: [Oficina de atención a las personas](https://[dominio_9]/acceso-a-justicia/atencion-personas/)","Sí. Según la Carta de Derechos de los Ciudadanos de la Patagonia Argentina ante la Justicia, la víctima de un delito tiene derecho a:

- ser informada con claridad sobre su intervención en el proceso penal, las posibilidades de reparación del daño y el avance del proceso;
- conocer efectivamente las resoluciones que afecten su seguridad, especialmente en casos de violencia familiar;
- comparecer ante el juzgado de forma adecuada a su dignidad y con resguardo de su intimidad;
- no coincidir con el agresor en dependencias judiciales;
- recibir protección inmediata y efectiva, con medidas como localización de personas, teleasistencia u otros medios similares;
- ser protegida frente a la publicidad no deseada sobre su vida privada en actuaciones judiciales.

Fuente: [Oficina de atención a las personas](https://[dominio_9]/acceso-a-justicia/atencion-personas/)","Para las víctimas de delitos, se prevé **la protección frente a la publicidad no deseada sobre su vida privada en toda clase de actuaciones judiciales**. Además, se establece que **jueces, magistrados y el Ministerio Fiscal** deben velar por el adecuado ejercicio de ese derecho.  
Fuente: [Oficina de atención a las personas](https://[dominio_9]/acceso-a-justicia/atencion-personas/)

Si le sirve, también en ese mismo marco se contemplan otras medidas de resguardo para víctimas, como la protección inmediata y efectiva, especialmente en casos de violencia familiar, y evitar que la víctima coincida con el agresor en dependencias judiciales.  
Fuente: [Oficina de atención a las personas](https://[dominio_9]/acceso-a-justicia/atencion-personas/)",Incluye casi todo lo esperado; omite violencia de género explícitamente.,Coincide sustancialmente; falta mención expresa de violencia de género.,Reproduce la respuesta esperada casi completa; omite género explícitamente.,Muy alineada; no menciona expresamente violencia de género.,Contiene la mayoría de elementos esperados; falta violencia de género explícita.,Parcialmente correcta; prioriza intimidad y omite informar claramente.
88,¿Qué sucede después de la presentación inicial por violencia laboral?,"Se realiza una entrevista presencial o remota con la víctima, se deja registro digital, se elabora un informe técnico y luego se define si corresponde archivar, continuar el abordaje, derivar por conflicto interpersonal o dar intervención disciplinaria.",1,0,1,3,4,5,4,4,5,"Después de la presentación inicial, la Dirección de Derechos Humanos y Género pauta una entrevista con la persona denunciante, brinda contención y orientación, y luego confecciona un informe técnico-profesional. Ese informe se remite al área correspondiente para definir la continuidad del trámite. Fuente: [Derechos Humanos y Género](https://[dominio_9]/institucional/derechos-humanos-y-genero/)

Luego, si los hechos no encuadran en el Protocolo, se produce un informe y se archiva la actuación, con registro para fines estadísticos y de diagnóstico. Si preliminarmente sí encuadran, se notifica a la Presidencia del Superior Tribunal de Justicia o a la Procuración General, según corresponda, y continúa el abordaje previsto. Fuente: [Derechos Humanos y Género](https://[dominio_9]/institucional/derechos-humanos-y-genero/)","Después de la presentación inicial, la Dirección de Derechos Humanos y Género pauta una entrevista con la persona que denunció la situación, deja registro de esa instancia y comunica lo ocurrido al Observatorio de Violencia Laboral. Luego, quien intervino en la entrevista elabora un informe técnico-profesional y lo remite a la Dirección. Fuente: [Derechos Humanos y Género](https://[dominio_9]/institucional/derechos-humanos-y-genero/)

Con ese informe, se define la continuidad del trámite: si los hechos no encuadran en el Protocolo, se produce un informe, se registra la información relevante y se archiva. Si preliminarmente sí encuadran, se da intervención a la Presidencia del Superior Tribunal de Justicia o a la Procuración General, según corresponda, y el abordaje sigue por ese procedimiento. Fuente: [Derechos Humanos y Género](https://[dominio_9]/institucional/derechos-humanos-y-genero/)

Además, si del caso surge un conflicto interpersonal que no configura violencia laboral, puede derivarse al área de Atención al Cliente Interno y Clima Laboral. Si los hechos pueden dar lugar a un sumario, interviene Auditoría Judicial General. También pueden disponerse medidas provisorias, como asignaciones o reubicaciones, si la convivencia laboral resulta perjudicial. Fuente: [Derechos Humanos y Género](https://[dominio_9]/institucional/derechos-humanos-y-genero/)","Después de la presentación inicial, la Dirección de Derechos Humanos y Género pauta una entrevista con la persona que denunció, que puede ser presencial o remota, y deja registro. En esa entrevista se brinda contención, orientación e información sobre el alcance del abordaje, los derechos que asisten y las posibles vías de resolución. Luego, quienes realizaron la entrevista confeccionan un informe técnico-profesional y lo remiten a la Dirección. Fuente: [Derechos Humanos y Género](https://[dominio_9]/institucional/derechos-humanos-y-genero/)

Con ese informe, el Observatorio de Violencia Laboral define la continuidad: si los hechos no encuadran en el Protocolo, se archiva; si encuadran preliminarmente, se comunica a la Presidencia del STJ o a la Procuración General, según corresponda, y sigue el abordaje. También puede derivarse el caso al área de Cliente Interno y Clima Laboral si se trata de un conflicto interpersonal, o intervenir Auditoría Judicial si corresponde evaluar un sumario. Fuente: [Derechos Humanos y Género](https://[dominio_9]/institucional/derechos-humanos-y-genero/)","Después de la presentación inicial, la Dirección de Derechos Humanos y Género pauta una entrevista con la persona que denunció, en forma presencial o remota, y se elabora un informe técnico-profesional. Luego, el Observatorio de Violencia Laboral evalúa el caso y puede ocurrir una de estas situaciones: si los hechos no encuadran en el Protocolo, se registra la información y se archiva; si sí encuadran, se informa a la Presidencia del Superior Tribunal de Justicia o a la Procuración General y continúa el abordaje; si se trata de un conflicto interpersonal que no configura violencia laboral, se deriva al área de Atención al Cliente Interno y Clima Laboral. Fuente: [Derechos Humanos y Género](https://[dominio_9]/institucional/derechos-humanos-y-genero/)

Además, si los hechos podrían dar lugar a un trámite disciplinario, se da intervención a la Auditoría Judicial General. Durante la intervención también pueden disponerse medidas provisorias, como reasignaciones o reubicaciones, y luego se realiza una entrevista con la persona denunciada para procurar el cese de la situación y la recomposición del conflicto. Después se diseña un plan de acciones y se comunica a las autoridades correspondientes. Fuente: [Derechos Humanos y Género](https://[dominio_9]/institucional/derechos-humanos-y-genero/)","Después de la presentación inicial, la Dirección de Derechos Humanos y Género coordina una entrevista con la persona presentante, que puede ser presencial o remota. En esa instancia se brinda contención, orientación e información sobre el alcance del abordaje y los derechos que asisten, y luego se elabora un informe técnico-profesional.  
Fuente: [Derechos Humanos y Género](https://[dominio_9]/institucional/derechos-humanos-y-genero/)

Luego, el Observatorio de Violencia Laboral evalúa el caso y puede pasar una de estas cosas:  
- si los hechos no encuadran en el Protocolo, se registra la información y se archiva;  
- si encuadran preliminarmente, se informa a la Dirección de Derechos Humanos y Género y se comunica a la Presidencia del Superior Tribunal de Justicia o a Procuración General, según corresponda, para continuar con el abordaje;  
- si en realidad se trata de un conflicto interpersonal sin violencia laboral, puede derivarse al área de Atención al Cliente Interno y Clima Laboral;  
- si además podría corresponder una cuestión disciplinaria, se da intervención a Auditoría Judicial General.  
Fuente: [Derechos Humanos y Género](https://[dominio_9]/institucional/derechos-humanos-y-genero/)

Si quiere, también puedo resumirle el protocolo paso a paso en forma simple.","Después de la presentación inicial, la Dirección de Derechos Humanos y Género pauta una entrevista con la persona que denunció, que puede ser presencial o remota, y deja constancia digital. En esa instancia se brinda contención, orientación e información sobre el alcance del abordaje y las posibles vías de resolución. Luego se elabora un informe técnico y se remite para su evaluación. Fuente: [Derechos Humanos y Género](https://[dominio_9]/institucional/derechos-humanos-y-genero/)

A partir de ese análisis, pueden pasar dos cosas: si los hechos no encuadran en el Protocolo, se informa y se archiva; si sí encuadran preliminarmente, se notifica a la Presidencia del Superior Tribunal de Justicia o a la Procuración General, según corresponda, y sigue el abordaje previsto. Además, si en realidad se trata de un conflicto interpersonal no configurativo de violencia laboral, puede derivarse al área de Atención al Cliente Interno y Clima Laboral; y si los hechos podrían dar lugar a un sumario, se da intervención a Auditoría Judicial. También se pueden sugerir medidas provisorias, como reubicaciones, si la convivencia laboral resulta perjudicial. Fuente: [Derechos Humanos y Género](https://[dominio_9]/institucional/derechos-humanos-y-genero/)","Incluye entrevista, informe, archivo o continuidad, pero omite conflicto interpersonal y vía disciplinaria.","Incluye registro, informe, archivo, continuidad, conflicto y disciplina; falta precisar entrevista presencial o remota.","Contiene entrevista, registro, informe y todas las salidas principales; diferencias menores de detalle.","Incluye entrevista, informe, archivo, continuidad, conflicto y disciplina; omite constancia digital explícita.",Recoge el circuito principal y derivaciones; falta la constancia digital y agrega detalle menor.,Reproduce la información esencial completa; solo agrega medidas provisorias no pedidas.
114,¿Cómo se puede contactar a los jueces del Superior Tribunal de Justicia?,Mediante el teléfono [telefono_8] y el correo [email_16].,0,1,1,4,4,4,4,4,3,"Los jueces del Superior Tribunal de Justicia se contactan a través del teléfono general **[telefono_9]** y del correo institucional **[email_16]**. En la guía oficial también figuran las secretarías privadas de cada magistrado para contacto directo. Fuente: [Guía de teléfonos, mails y direcciones de organismos judiciales](https://[dominio_9]/wp-content/uploads/2026/04/GUIA-JUDICIAL-MES-de-ABRIL-2026.pdf)

**Contactos por magistrado:**
- **Dr. [persona_10]** – Presidente: interno **[interno_4]** / **[email_13]**
- **Dr. [persona_9]** – Juez: interno **[interno_4]** / **[email_13]**
- **Dra. [persona_4]** – Jueza: interno **[interno_2]** / **[email_11]** / **[email_14]**
- **Dr. [persona_8]** – Juez: interno **[interno_3]** / **[email_10]**
- **Dra. [persona_1]** – Jueza: interno **[interno_3]** / **[email_10]** Fuente: [INSTITUCIONAL](https://[dominio_9]/institucional/)

Si necesita una vía de contacto más específica, la sede del STJ está en **[domicilio_4], Viedma**. Fuente: [INSTITUCIONAL](https://[dominio_9]/institucional/)","Sí. Según la información disponible, el contacto institucional del Superior Tribunal de Justicia es **[email_16]** y el teléfono general es **[telefono_9]**. También figura la mesa/recepción general de Tribunales Viedma en **[domicilio_4]**. Fuente: [INSTITUCIONAL](https://[dominio_9]/institucional/) Fuente: [Guía de teléfonos, mails y direcciones de organismos judiciales](https://[dominio_9]/wp-content/uploads/2026/04/GUIA-JUDICIAL-MES-de-ABRIL-2026.pdf)

Para los jueces y juezas del STJ, se consignan estos contactos de sus secretarías privadas:  
- **Dr. [persona_10]**: **[email_13]** / interno **[interno_4]**  
- **Dr. [persona_9]**: **[email_13]** / interno **[interno_4]**  
- **Dra. [persona_4]**: **[email_11]** / interno **[interno_2]** / **[email_14]**  
- **Dr. [persona_8]**: **[email_10]** / interno **[interno_3]**  
- **Dra. [persona_1]**: **[email_10]** / interno **[interno_3]**. Fuente: [INSTITUCIONAL](https://[dominio_9]/institucional/) Fuente: [Guía de teléfonos, mails y direcciones de organismos judiciales](https://[dominio_9]/wp-content/uploads/2026/04/GUIA-JUDICIAL-MES-de-ABRIL-2026.pdf)","Los jueces y la jueza del Superior Tribunal de Justicia figuran con el teléfono general **[telefono_9]** y correo institucional **[email_16]**. En el listado disponible aparecen: **Dr. [persona_10]** (Presidente), **Dr. [persona_9]**, **Dra. [persona_4]**, **Dr. [persona_8]** y **Dra. [persona_1]**. También se informa que la atención y derivación puede canalizarse por la **Secretaria Privada** de cada magistrado/a en Viedma. Fuente: [INSTITUCIONAL](https://[dominio_9]/institucional/)","Sí, se los puede contactar a través del **Superior Tribunal de Justicia** en Viedma. El teléfono general es **[telefono_9]** y el correo institucional es **[email_16]**. Según la guía institucional, allí figuran los jueces y sus secretarías privadas: **Dr. [persona_10]** y **Dr. [persona_9]** comparten la Secretaría Privada con interna **[interno_4]**; la **Dra. [persona_4]** tiene interna **[interno_2]**; y el **Dr. [persona_8]** junto con la **Dra. [persona_1]** tienen interna **[interno_3]**. Fuente: [Guía de teléfonos, mails y direcciones de organismos judiciales](https://[dominio_9]/wp-content/uploads/2026/04/GUIA-JUDICIAL-MES-de-ABRIL-2026.pdf)

Si querés, también puedo pasarte el contacto **de un juez en particular** o el **horario/dirección** del edificio del STJ.","Sí. Según los datos disponibles, el contacto general del **Superior Tribunal de Justicia** es el teléfono **[telefono_9]** y el correo **[email_16]**. Desde ahí también pueden derivarlo a la vocalía o secretaría privada correspondiente.  
**Fuente:** [Guía de teléfonos, mails y direcciones de organismos judiciales](https://[dominio_9]/wp-content/uploads/2026/04/GUIA-JUDICIAL-MES-de-ABRIL-2026.pdf)

**Contactos de los jueces y juezas del STJ:**
- **Dr. [persona_10]** – Presidente: **[email_13]** | int. **[interno_4]**
- **Dr. [persona_9]** – Juez: **[email_13]** | int. **[interno_4]**
- **Dra. [persona_4]** – Jueza: **[email_11]** / **[email_14]** | int. **[interno_2]**
- **Dr. [persona_8]** – Juez: **[email_10]** | int. **[interno_3]**
- **Dra. [persona_1]** – Jueza: **[email_10]** | int. **[interno_3]**  
**Fuente:** [Guía de teléfonos, mails y direcciones de organismos judiciales](https://[dominio_9]/wp-content/uploads/2026/04/GUIA-JUDICIAL-MES-de-ABRIL-2026.pdf)

Si quiere, también puedo pasarle el contacto del STJ por **teléfono, correo o secretaría privada** en un formato más breve.","Podés contactarlos a través de la **mesa general del Superior Tribunal de Justicia**: **Tel. [telefono_9]** y **correo: [email_16]**. Según la guía institucional, ese es el contacto central para la presidencia y las vocalías del STJ en Viedma.  
Fuente: [Guía de teléfonos, mails y direcciones de organismos judiciales](https://[dominio_9]/wp-content/uploads/2026/04/GUIA-JUDICIAL-MES-de-ABRIL-2026.pdf)

Si necesitás escribirles de forma más directa, en la información disponible figuran estos contactos:  
- **Dr. [persona_10]** (Presidente): [email_16]  
- **Dr. [persona_9]**: [email_16]  
- **Dra. [persona_4]**: [email_14]  
- **Dr. [persona_8]**: [email_10]  
- **Dra. [persona_1]**: [email_10]  
Fuente: [INSTITUCIONAL](https://[dominio_9]/institucional/)

Si querés, también te paso la **dirección física de Viedma** o el contacto de alguno de los jueces en particular.",Incluye teléfono y correo esperados; agrega detalles extra y formato telefónico distinto.,Transmite el contacto central correcto; suma información no requerida.,"Da la vía principal correcta, con leve diferencia en detalle telefónico.",Contiene el contacto central esperado; suma internos y secretarías no esenciales.,Incluye la información esencial esperada con ampliaciones extra.,"Incluye el contacto esperado, pero agrega correos directos potencialmente imprecisos."
